0.010113000869750977,-0.38372825380000003,0.9098230757,-0.7530749884000001,-0.106290597,1.1624421399,1.0492225828000001,0.02891
0.01012563705444336,-0.38330937460000003,0.9116382189000001,-0.7530749884000001,-0.10389949490000001,1.1624421399,1.0492225828000001,0.02891
0.010202407836914062,-0.38748071330000006,0.9117952986000001,-0.7530749884000001,-0.1018749121,1.1624421399,1.0492225828000001,0.02891
0.010202646255493164,-0.38912132350000006,0.9144482002000001,-0.7530749884000001,-0.10175273900000001,1.1624421399,1.0492225828000001,0.02891
0.010111093521118164,-0.38941802960000005,0.9171534617000001,-0.7530749884000001,-0.10040883490000001,1.1624421399,1.0492225828000001,0.02891
0.010108232498168945,-0.39139025250000004,0.9208884679,-0.7530749884000001,-0.0974243206,1.1624421399,1.0492225828000001,0.02891
0.010130167007446289,-0.3935893683,0.9228781441000001,-0.7530749884000001,-0.09738941400000001,1.1624421399,1.0492225828000001,0.02891
0.010118484497070312,-0.3936940881,0.9259499249,-0.7530749884000001,-0.09738941400000001,1.1624421399,1.0492225828000001,0.02891
0.01013636589050293,-0.39559649780000006,0.9262815376000001,-0.7530749884000001,-0.0958884302,1.1624421399,1.0492225828000001,0.02891
0.010144233703613281,-0.3973243745,0.9292311453000001,-0.7530749884000001,-0.0958884302,1.1624421399,1.0492225828000001,0.02891
0.010117530822753906,-0.39837157250000005,0.9314651677000001,-0.7530749884000001,-0.0958884302,1.1624421399,1.0492225828000001,0.02891
0.010300397872924805,-0.3988079050000001,0.9334548439,-0.7530749884000001,-0.09276428950000001,1.1624421399,1.0492225828000001,0.02891
0.01011967658996582,-0.40168769950000005,0.9334722972000001,-0.7530749884000001,-0.09269447630000001,1.1624421399,1.0492225828000001,0.02891
0.01015019416809082,-0.40362501580000004,0.9364044516000001,-0.7530749884000001,-0.09269447630000001,1.1624421399,1.0492225828000001,0.02891
0.010293006896972656,-0.4063302773,0.9393016994000001,-0.7530749884000001,-0.0899019483,1.1624421399,1.0492225828000001,0.02891
0.0102081298828125,-0.40915771190000005,0.9422513071000002,-0.7530749884000001,-0.09028592090000001,1.1624421399,1.0492225828000001,0.02891
0.010221719741821289,-0.4088610058,0.9419720543,-0.7530749884000001,-0.0875457528,1.1624421399,1.0492225828000001,0.02891
0.010121345520019531,-0.41161862720000003,0.9419720543,-0.7530749884000001,-0.0875457528,1.1624421399,1.0492225828000001,0.02891
0.010129928588867188,-0.41362575670000007,0.9425654665000002,-0.7530749884000001,-0.0875457528,1.1624421399,1.0492225828000001,0.02891
0.01022648811340332,-0.41577251260000003,0.9443282498000001,-0.7530749884000001,-0.0875457528,1.1624421399,1.0492225828000001,0.02891
0.010121822357177734,-0.41640083140000006,0.9442235300000001,-0.7530749884000001,-0.0854862634,1.1624421399,1.0492225828000001,0.02891
0.010115623474121094,-0.41837305430000005,0.9442235300000001,-0.7530749884000001,-0.08538154360000001,1.1624421399,1.0492225828000001,0.02891
0.010099411010742188,-0.4220906072000001,0.9465099123000001,-0.7530749884000001,-0.0833046009,1.1624421399,1.0492225828000001,0.02891
0.010192632675170898,-0.422718926,0.9464226458,-0.7530749884000001,-0.08363621360000001,1.1624421399,1.0492225828000001,0.02891
0.01010274887084961,-0.426384119,0.9464226458,-0.7530749884000001,-0.08363621360000001,1.1624421399,1.0492225828000001,0.02891
0.010107278823852539,-0.4272742373000001,0.9464226458,-0.7530749884000001,-0.0808436856,1.1624421399,1.0492225828000001,0.02891
0.010127782821655273,-0.43090452370000004,0.9464226458,-0.7530749884000001,-0.0810531252,1.1624421399,1.0492225828000001,0.02891
0.010118246078491211,-0.43034601810000006,0.9464226458,-0.7530749884000001,-0.0810531252,1.1624421399,1.0492225828000001,0.02891
0.010098695755004883,-0.4327545735000001,0.9464226458,-0.7530749884000001,-0.0810531252,1.1624421399,1.0492225828000001,0.02891
0.01010584831237793,-0.4329640131,0.9464226458,-0.7530749884000001,-0.0810531252,1.1624421399,1.0492225828000001,0.02891
0.010104179382324219,-0.4356518213,0.9464226458,-0.7530749884000001,-0.0810531252,1.1624421399,1.0492225828000001,0.02891
0.010098695755004883,-0.4386537889,0.9464226458,-0.7530749884000001,-0.0810531252,1.1624421399,1.0492225828000001,0.02891
0.010095596313476562,-0.4404165722000001,0.9464226458,-0.7530749884000001,-0.0810531252,1.1624421399,1.0492225828000001,0.02891
0.01017308235168457,-0.44324400680000003,0.9464226458,-0.7530749884000001,-0.0810531252,1.1624421399,1.0492225828000001,0.02891
0.01022028923034668,-0.44359307280000004,0.9464226458,-0.7530749884000001,-0.0810531252,1.1624421399,1.0492225828000001,0.02891
0.010106563568115234,-0.44523368300000005,0.9464226458,-0.7530749884000001,-0.0810531252,1.1624421399,1.0492225828000001,0.02891
0.010118484497070312,-0.44797385110000004,0.9464226458,-0.7530749884000001,-0.0810531252,1.1624421399,1.0492225828000001,0.02891
0.010478019714355469,-0.4481134775,0.9464226458,-0.7530749884000001,-0.0810531252,1.1624421399,1.0492225828000001,0.02891
0.010112524032592773,-0.45048712630000004,0.9464226458,-0.7530749884000001,-0.07805115760000002,1.1624421399,1.0492225828000001,0.02891
0.010127067565917969,-0.4527211487,0.9464226458,-0.7530749884000001,-0.0782605972,1.1624421399,1.0492225828000001,0.02891
0.010439872741699219,-0.4527211487,0.9468589783,-0.7530749884000001,-0.0782605972,1.1624421399,1.0492225828000001,0.02891
0.010147571563720703,-0.4556533031,0.9487264814,-0.7530749884000001,-0.0782605972,1.1624421399,1.0492225828000001,0.02891
0.01012563705444336,-0.45821893820000004,0.9487264814,-0.7530749884000001,-0.0782605972,1.1624421399,1.0492225828000001,0.02891
0.010118722915649414,-0.45998172150000005,0.9508208774000001,-0.7530749884000001,-0.07614874790000001,1.1624421399,1.0492225828000001,0.02891
0.010122537612915039,-0.46268698300000005,0.9508383307,-0.7530749884000001,-0.07609638800000001,1.1642572831,1.0492225828000001,0.02891
0.010106801986694336,-0.4629662358,0.9508383307,-0.7530749884000001,-0.07609638800000001,1.1640129369,1.0492225828000001,0.02891
0.010091543197631836,-0.46472901910000003,0.9508383307,-0.7530749884000001,-0.07609638800000001,1.1640129369,1.0492225828000001,0.02891
0.010090351104736328,-0.4668932283000001,0.9508383307,-0.7530749884000001,-0.07609638800000001,1.1640129369,1.0492225828000001,0.02891
0.010095834732055664,-0.46910979740000003,0.9527058338000001,-0.7530749884000001,-0.07609638800000001,1.1640129369,1.0492225828000001,0.02891
0.010198354721069336,-0.46888290450000003,0.9527931003000001,-0.7530749884000001,-0.07609638800000001,1.1640129369,1.0492225828000001,0.02891
0.010122537612915039,-0.47202449850000006,0.9527931003000001,-0.7530749884000001,-0.07609638800000001,1.1640129369,1.0492225828000001,0.02891
0.010119915008544922,-0.4712391,0.9527931003000001,-0.7530749884000001,-0.07609638800000001,1.1640129369,1.0492225828000001,0.02891
0.01012277603149414,-0.47322877620000003,0.9527931003000001,-0.7530749884000001,-0.07609638800000001,1.1640129369,1.0492225828000001,0.02891
0.010116815567016602,-0.4730367899000001,0.9527931003000001,-0.7530749884000001,-0.07609638800000001,1.1640129369,1.0492225828000001,0.02891
0.02023005485534668,-0.4752009991,0.9527931003000001,-0.7530749884000001,-0.07609638800000001,1.1640129369,1.0492225828000001,0.02891
0.01012420654296875,-0.47551515850000003,0.9527931003000001,-0.7530749884000001,-0.07609638800000001,1.1640129369,1.0492225828000001,0.02891
0.01011514663696289,-0.4791628982000001,0.9527931003000001,-0.751190032,-0.07609638800000001,1.1640129369,1.0492225828000001,0.02891
0.010117530822753906,-0.48014028300000006,0.9527931003000001,-0.7523594031,-0.07609638800000001,1.1640129369,1.0492225828000001,0.02891
0.010249137878417969,-0.4799308434000001,0.9527931003000001,-0.7523594031,-0.07609638800000001,1.1640129369,1.0492225828000001,0.02891
0.010136127471923828,-0.48047189570000004,0.9527931003000001,-0.7506489797000001,-0.07609638800000001,1.1640129369,1.0492225828000001,0.02891
0.020209312438964844,-0.48047189570000004,0.9527931003000001,-0.7483276908000001,-0.07609638800000001,1.1640129369,1.0492225828000001,0.02891
0.01017904281616211,-0.48047189570000004,0.9527931003000001,-0.7463554679000001,-0.07609638800000001,1.1622152470000002,1.0492225828000001,0.02891
0.010190963745117188,-0.48047189570000004,0.9527931003000001,-0.7439294592000001,-0.07609638800000001,1.1622152470000002,1.0492225828000001,0.02891
0.010277748107910156,-0.48047189570000004,0.9527931003000001,-0.7437374729,-0.07609638800000001,1.158026455,1.0492225828000001,0.02891
0.010252714157104492,-0.48047189570000004,0.9527931003000001,-0.7415383571,-0.07609638800000001,1.1581660814,1.0492225828000001,0.02891
0.010138988494873047,-0.48047189570000004,0.9527931003000001,-0.7399850134000001,-0.07609638800000001,1.1581660814,1.0492225828000001,0.02891
0.010388851165771484,-0.48047189570000004,0.9527931003000001,-0.7390774418,-0.07609638800000001,1.1581660814,1.0492225828000001,0.02891
0.010103464126586914,-0.48047189570000004,0.9547827765000001,-0.7392519748,-0.07609638800000001,1.1562287651,1.0492225828000001,0.02891
0.01009511947631836,-0.48047189570000004,0.9544511638000001,-0.7368608727000001,-0.07609638800000001,1.1540471026,1.0492225828000001,0.02891
0.010098934173583984,-0.48047189570000004,0.9544511638000001,-0.7352028092000001,-0.07609638800000001,1.1543961686,1.0492225828000001,0.02891
0.010213136672973633,-0.48047189570000004,0.9544511638000001,-0.7330909599000001,-0.07609638800000001,1.1490205522,1.0492225828000001,0.02891
0.010116338729858398,-0.48047189570000004,0.9544511638000001,-0.7328815203000001,-0.07609638800000001,1.1464374638000001,1.0492225828000001,0.02891
0.010119915008544922,-0.48047189570000004,0.9544511638000001,-0.7304380583000001,-0.07609638800000001,1.1464549171,1.0492225828000001,0.02891
0.010217905044555664,-0.48047189570000004,0.9544511638000001,-0.7302460720000001,-0.07609638800000001,1.1441161749,1.0492225828000001,0.02891
0.010220050811767578,-0.48047189570000004,0.9544511638000001,-0.7302460720000001,-0.07609638800000001,1.1418821525,1.0492225828000001,0.02891
0.010217905044555664,-0.48047189570000004,0.9550620293000001,-0.7268950384000001,-0.07609638800000001,1.1393165174000002,1.0492225828000001,0.02891
0.01020956039428711,-0.48047189570000004,0.9570866121000001,-0.7248704556,-0.07609638800000001,1.1367683356000002,1.0492225828000001,0.02891
0.010125875473022461,-0.48047189570000004,0.9569120791000001,-0.7226887931,-0.07609638800000001,1.1345692198000001,1.0492225828000001,0.02891
0.010135889053344727,-0.48047189570000004,0.9569120791000001,-0.7225317134000001,-0.07609638800000001,1.1345168599000002,1.0492225828000001,0.02891
0.010211467742919922,-0.48047189570000004,0.9569120791000001,-0.7225317134000001,-0.07609638800000001,1.1326319035,1.0492225828000001,0.02891
0.010123252868652344,-0.48047189570000004,0.9597046071000002,-0.7204896773,-0.07609638800000001,1.1328238898000003,1.0492225828000001,0.02891
0.010214090347290039,-0.48047189570000004,0.9600187665000002,-0.7209958230000001,-0.07609638800000001,1.1328238898000003,1.0492225828000001,0.02891
0.010114431381225586,-0.48047189570000004,0.9624622285000002,-0.7209958230000001,-0.07609638800000001,1.1328238898000003,1.0492225828000001,0.02891
0.010123014450073242,-0.48047189570000004,0.9624622285000002,-0.7201057047,-0.07609638800000001,1.1328238898000003,1.0492225828000001,0.02891
0.010102510452270508,-0.48047189570000004,0.9653245697,-0.7201057047,-0.07609638800000001,1.1328238898000003,1.0492225828000001,0.02891
0.010205984115600586,-0.48047189570000004,0.9675585921000001,-0.7201057047,-0.07609638800000001,1.1328238898000003,1.0492225828000001,0.02891
0.010137796401977539,-0.48047189570000004,0.9678378449000001,-0.7182382016000001,-0.07609638800000001,1.1328238898000003,1.0492225828000001,0.02891
0.010214805603027344,-0.48047189570000004,0.9709270790000001,-0.7185174544,-0.07609638800000001,1.1306945872000003,1.0492225828000001,0.02891
0.010196208953857422,-0.48047189570000004,0.9733356344,-0.7185174544,-0.07609638800000001,1.1305898674000001,1.0492225828000001,0.02891
0.010132312774658203,-0.48047189570000004,0.9730912882,-0.7185174544,-0.07609638800000001,1.1305898674000001,1.0492225828000001,0.02891
0.020207643508911133,-0.48047189570000004,0.9758663629000001,-0.7185174544,-0.07609638800000001,1.1305898674000001,1.0492225828000001,0.02891
0.010120868682861328,-0.48047189570000004,0.9789206904000001,-0.7157772863000001,-0.07609638800000001,1.1305898674000001,1.0492225828000001,0.02891
0.010105609893798828,-0.48047189570000004,0.9790952234000001,-0.7160216325000001,-0.07609638800000001,1.1305898674000001,1.0492225828000001,0.02891
0.010205268859863281,-0.48047189570000004,0.981922658,-0.7152885939,-0.07609638800000001,1.1269246744,1.0492225828000001,0.02891
0.010206937789916992,-0.48047189570000004,0.981922658,-0.7152885939,-0.07609638800000001,1.1281114988,1.0492225828000001,0.02891
0.010115385055541992,-0.48047189570000004,0.9844184799000001,-0.7131243847000001,-0.07609638800000001,1.1260171028000001,1.0492225828000001,0.02891
0.010120630264282227,-0.48047189570000004,0.9847849992000001,-0.7134385441000001,-0.07609638800000001,1.1243066794000003,1.0492225828000001,0.02891
0.010232210159301758,-0.48233939880000004,0.9865303292000001,-0.7134385441000001,-0.07609638800000001,1.1254935038000002,1.0492225828000001,0.02891
0.01012420654296875,-0.482234679,0.9886770851000001,-0.7111347085,-0.07609638800000001,1.1236783606000003,1.0492225828000001,0.02891
0.01012563705444336,-0.482234679,0.9887818049,-0.7110823486,-0.07609638800000001,1.1215839646,1.0492225828000001,0.02891
0.010104656219482422,-0.482234679,0.9908063877000001,-0.7110823486,-0.07609638800000001,1.1213919783000001,1.0492225828000001,0.02891
0.010101795196533203,-0.4845385146,0.9908063877000001,-0.7091275790000001,-0.07609638800000001,1.1190881427000001,1.0492225828000001,0.02891
0.010115385055541992,-0.48478286080000005,0.9927960639000001,-0.7089704993000001,-0.07609638800000001,1.1190532361,1.0492225828000001,0.02891
0.010118722915649414,-0.4871565096,0.9927960639000001,-0.7089704993000001,-0.07609638800000001,1.1167319472000001,1.0492225828000001,0.02891
0.010495662689208984,-0.4897919579,0.9946286604000001,-0.7061430647000001,-0.07609638800000001,1.1146026446000001,1.0492225828000001,0.02891
0.010323047637939453,-0.4899839442000001,0.9970546691000002,-0.7067015703,-0.07298970060000001,1.1144281116,1.0492225828000001,0.02891
0.010219573974609375,-0.49251467270000004,0.9970023092000001,-0.7047468007000001,-0.0708778513,1.1118624765,1.0492225828000001,0.02891
0.010110616683959961,-0.49274156560000004,0.9970023092000001,-0.7046071743000001,-0.071383997,1.1118973831,1.0492225828000001,0.02891
0.010132551193237305,-0.49553409360000006,0.9987476392,-0.7046071743000001,-0.071383997,1.1118973831,1.0492225828000001,0.02891
0.010328292846679688,-0.49567372000000004,1.0012260078000002,-0.7046071743000001,-0.06881836190000001,1.1118973831,1.0492225828000001,0.02891
0.01021718978881836,-0.49879786070000004,1.0015052606000001,-0.7046071743000001,-0.06873109540000001,1.1118973831,1.0492225828000001,0.02891
0.010125398635864258,-0.5017649217,1.0015052606000001,-0.7046071743000001,-0.06873109540000001,1.1118973831,1.0492225828000001,0.02891
0.010105609893798828,-0.5043480101,1.0030760576000002,-0.7046071743000001,-0.06873109540000001,1.1118973831,1.0492225828000001,0.02891
0.0101165771484375,-0.5046621695,1.0030760576000002,-0.7046071743000001,-0.06873109540000001,1.1118973831,1.0492225828000001,0.02891
0.010121345520019531,-0.5092523874,1.0055718795000002,-0.7046071743000001,-0.06873109540000001,1.1118973831,1.0492225828000001,0.02891
0.010212182998657227,-0.5107708245,1.0056416927,-0.7046071743000001,-0.06696831210000001,1.1118973831,1.047372533,0.02891
0.01012873649597168,-0.5104741184,1.0077535420000001,-0.7046071743000001,-0.06724756490000001,1.1118973831,1.047372533,0.02891
0.010331392288208008,-0.5135458992,1.0079629816000002,-0.7046071743000001,-0.06724756490000001,1.1118973831,1.047372533,0.02891
0.010105133056640625,-0.5152737759,1.0098304847000001,-0.7046071743000001,-0.06724756490000001,1.1118973831,1.047372533,0.02891
0.010124444961547852,-0.5185899029000001,1.0096384984,-0.7046071743000001,-0.06724756490000001,1.1118973831,1.047372533,0.02891
0.010169506072998047,-0.5189215156,1.0096384984,-0.7046071743000001,-0.06724756490000001,1.1118973831,1.047372533,0.02891
0.010114908218383789,-0.5230230411,1.0118201609000002,-0.7046071743000001,-0.06724756490000001,1.1118973831,1.047372533,0.02891
0.010123014450073242,-0.5244891183,1.0119248807,-0.7046071743000001,-0.06724756490000001,1.1118973831,1.0455224832,0.02891
0.010110855102539062,-0.5241924122,1.0119248807,-0.7046071743000001,-0.06724756490000001,1.1144281116,1.0455224832,0.02891
0.010106801986694336,-0.5290444296000001,1.0139145569,-0.7046071743000001,-0.06724756490000001,1.1145153781000001,1.0455224832,0.02891
0.010210990905761719,-0.5293411357000001,1.0136003975,-0.7046071743000001,-0.06724756490000001,1.1145153781000001,1.0455224832,0.02891
0.010105371475219727,-0.5314180784000001,1.0136003975,-0.7046071743000001,-0.06724756490000001,1.1145153781000001,1.0455224832,0.02891
0.010360240936279297,-0.5336171942000001,1.0136003975,-0.7046071743000001,-0.06724756490000001,1.1145153781000001,1.0455224832,0.02891
0.010211944580078125,-0.5337393673,1.0136003975,-0.7046071743000001,-0.06724756490000001,1.1145153781000001,1.0455224832,0.02891
0.010110855102539062,-0.5362700958000001,1.0136003975,-0.7046071743000001,-0.06724756490000001,1.1166272274000002,1.0455224832,0.02891
0.010133981704711914,-0.5386437446,1.0136003975,-0.7046071743000001,-0.06724756490000001,1.1166970406,1.0455224832,0.02891
0.010402441024780273,-0.5418376985000001,1.0136003975,-0.7046071743000001,-0.06724756490000001,1.1166970406,1.0455224832,0.02891
0.010128974914550781,-0.5422914843000001,1.0136003975,-0.7046071743000001,-0.06724756490000001,1.1185645437,1.0455224832,0.02891
0.010111570358276367,-0.5443684270000001,1.0136003975,-0.7046071743000001,-0.06724756490000001,1.1184423706,1.0455224832,0.02891
0.010109663009643555,-0.5478590870000001,1.0136003975,-0.7046071743000001,-0.06724756490000001,1.1184423706,1.0455224832,0.02891
0.010129928588867188,-0.5482954195,1.0136003975,-0.7046071743000001,-0.06724756490000001,1.1187041701,1.0455224832,0.02891
0.010115861892700195,-0.5501105627,1.0136003975,-0.7046071743000001,-0.06724756490000001,1.1205193133,1.0455224832,0.02891
0.010121345520019531,-0.5524667582,1.0136003975,-0.7046071743000001,-0.06724756490000001,1.12050186,1.0455224832,0.02891
0.010117530822753906,-0.5526412912,1.0136003975,-0.7046071743000001,-0.06724756490000001,1.12050186,1.0455224832,0.02891
0.01021265983581543,-0.5554861791000001,1.0136003975,-0.7046071743000001,-0.06724756490000001,1.12050186,1.0455224832,0.02891
0.010116100311279297,-0.5558177918,1.0136003975,-0.7046071743000001,-0.06724756490000001,1.12050186,1.0455224832,0.02891
0.010199785232543945,-0.5593433584,1.0136003975,-0.7046071743000001,-0.06724756490000001,1.12050186,1.0455224832,0.02891
0.010109901428222656,-0.5623278727000001,1.0136003975,-0.7046071743000001,-0.06724756490000001,1.12050186,1.0455224832,0.02891
0.010083198547363281,-0.566010519,1.0136003975,-0.7046071743000001,-0.06724756490000001,1.12050186,1.0455224832,0.02891
0.010117292404174805,-0.5678256622000001,1.0136003975,-0.7046071743000001,-0.06724756490000001,1.12050186,1.0455224832,0.02891
0.010108470916748047,-0.5709148963,1.0136003975,-0.7046071743000001,-0.06724756490000001,1.12050186,1.0455224832,0.02891
0.010081291198730469,-0.5722588004,1.0136003975,-0.7046071743000001,-0.06724756490000001,1.12050186,1.0455224832,0.02891
0.01010441780090332,-0.5718573745000001,1.0136003975,-0.7046071743000001,-0.06724756490000001,1.12050186,1.0455224832,0.02891
0.010115623474121094,-0.5747546223,1.0136003975,-0.7046071743000001,-0.06724756490000001,1.12050186,1.0455224832,0.02891
0.010119199752807617,-0.5780707493000001,1.0136003975,-0.7046071743000001,-0.06724756490000001,1.1226660692000001,1.0455224832,0.02891
0.010130643844604492,-0.5819977418,1.0136003975,-0.7046071743000001,-0.06724756490000001,1.1227533357,1.0455224832,0.02891
0.010114431381225586,-0.5839350581,1.0136003975,-0.7046071743000001,-0.06724756490000001,1.1247430119000001,1.0455224832,0.02891
0.010265588760375977,-0.5873908115,1.0136003975,-0.7046071743000001,-0.06724756490000001,1.1244113992000002,1.0455224832,0.02891
0.010287284851074219,-0.5892583146000001,1.0136003975,-0.7046071743000001,-0.06724756490000001,1.1272388338000001,1.0455224832,0.02891
0.010388374328613281,-0.5921206558000001,1.0136003975,-0.7046071743000001,-0.06724756490000001,1.1273435536,1.0455224832,0.02891
0.010173320770263672,-0.5944419447,1.0136003975,-0.7046071743000001,-0.06724756490000001,1.1301709882000002,1.0455224832,0.02891
0.010169029235839844,-0.5942325051,1.0136003975,-0.7046071743000001,-0.06724756490000001,1.1302233481000001,1.0455224832,0.02891
0.010531902313232422,-0.5973915524000001,1.0136003975,-0.7046071743000001,-0.06724756490000001,1.1330507827,1.0455224832,0.02891
0.01010751724243164,-0.5994859484,1.0136003975,-0.7046071743000001,-0.06724756490000001,1.1354418848,1.0455224832,0.02891
0.010178089141845703,-0.6022784764000001,1.0136003975,-0.7046071743000001,-0.06724756490000001,1.1349008325000003,1.0455224832,0.02891
0.010106086730957031,-0.6049837379,1.0136003975,-0.7046071743000001,-0.06724756490000001,1.1377980803,1.0455224832,0.02891
0.010117292404174805,-0.6053502572,1.0136003975,-0.7046071743000001,-0.06724756490000001,1.1377980803,1.0455224832,0.02891
0.010107755661010742,-0.6090154502,1.0136003975,-0.7046071743000001,-0.06724756490000001,1.1402066357,1.0455224832,0.02891
0.010193347930908203,-0.6104291675000001,1.0136003975,-0.7046071743000001,-0.06724756490000001,1.1425628312,1.0455224832,0.02891
0.010103225708007812,-0.6100102883,1.0136003975,-0.7046071743000001,-0.06724756490000001,1.1428420840000002,1.0455224832,0.02891
0.010109424591064453,-0.6129075361,1.0136003975,-0.7046071743000001,-0.06724756490000001,1.1447619470000001,1.0455224832,0.02891
0.010106801986694336,-0.6149321189,1.0136003975,-0.7046071743000001,-0.06997027970000001,1.1473101288000003,1.0455224832,0.02891
0.010079145431518555,-0.6175152073000001,1.0136003975,-0.7046071743000001,-0.06967357360000001,1.1491601786,1.0455224832,0.02891
0.010118246078491211,-0.6179515398000001,1.0136003975,-0.7046071743000001,-0.06967357360000001,1.1488634725000002,1.0455224832,0.02891
0.010107040405273438,-0.6198364962000001,1.0136003975,-0.7046071743000001,-0.06967357360000001,1.1511673081,1.0455224832,0.02891
0.010127544403076172,-0.6224370379,1.0136003975,-0.7046071743000001,-0.06967357360000001,1.1535933168,1.0455224832,0.02891
0.01011967658996582,-0.6226290242,1.0136003975,-0.7046071743000001,-0.06967357360000001,1.1538900229,1.0455224832,0.02891
0.010111331939697266,-0.6250201263,1.0136003975,-0.7046071743000001,-0.06967357360000001,1.1565429245,1.0455224832,0.02891
0.010101556777954102,-0.6246885136000001,1.0136003975,-0.7046071743000001,-0.06967357360000001,1.1568047240000001,1.0455224832,0.02891
0.01011037826538086,-0.6270621624,1.0136003975,-0.7046071743000001,-0.06967357360000001,1.1582358946,1.0455224832,0.02891
0.010123252868652344,-0.6292263716000001,1.0136003975,-0.7046071743000001,-0.06967357360000001,1.1610633292,1.0455224832,0.02891
0.010128498077392578,-0.6294183579000001,1.0136003975,-0.7046071743000001,-0.06967357360000001,1.1635067912000001,1.0455224832,0.02891
0.010196447372436523,-0.6315127539000001,1.0136003975,-0.7046071743000001,-0.06967357360000001,1.1630879120000002,1.0455224832,0.02891
0.010095834732055664,-0.6312684077,1.0136003975,-0.7046071743000001,-0.06967357360000001,1.1656360938,1.0455224832,0.02891
0.010101318359375,-0.6312684077,1.0136003975,-0.7046071743000001,-0.06967357360000001,1.1678352096000002,1.0455224832,0.02891
0.010092973709106445,-0.6312684077,1.0136003975,-0.7046071743000001,-0.06967357360000001,1.1680621025,1.0455224832,0.02891
0.010124921798706055,-0.6312684077,1.0136003975,-0.7046071743000001,-0.06967357360000001,1.17111643,1.0455224832,0.02891
0.010107755661010742,-0.6312684077,1.0136003975,-0.7046071743000001,-0.06967357360000001,1.1726523204000001,1.0455224832,0.02891
0.01010751724243164,-0.6312684077,1.0136003975,-0.7046071743000001,-0.06967357360000001,1.1727221336,1.0455224832,0.02891
0.010541677474975586,-0.6312684077,1.0136003975,-0.7046071743000001,-0.0726755412,1.1752354088,1.0455224832,0.02891
0.010211706161499023,-0.6312684077,1.0136003975,-0.7046071743000001,-0.07475248390000001,1.1774519779,1.0455224832,0.02891
0.010109901428222656,-0.6312684077,1.0136003975,-0.7046071743000001,-0.074700124,1.1798605333,1.0455224832,0.02891
0.010143280029296875,-0.6312684077,1.0136003975,-0.7046071743000001,-0.07686433320000001,1.1794242008,1.0455224832,0.02891
0.010118961334228516,-0.6312684077,1.0136003975,-0.7046071743000001,-0.0766898002,1.1822167288000003,1.0455224832,0.02891
0.010115861892700195,-0.6312684077,1.0136003975,-0.7046071743000001,-0.0766898002,1.1820247425,1.0455224832,0.02891
0.020246505737304688,-0.6312684077,1.0136003975,-0.7046071743000001,-0.0766898002,1.1848870837,1.0455224832,0.02891
0.010112762451171875,-0.6312684077,1.0136003975,-0.7046071743000001,-0.0766898002,1.1843285781000001,1.0455224832,0.02891
0.01019430160522461,-0.6312684077,1.0136003975,-0.7046071743000001,-0.07976158100000001,1.1874701721000003,1.0455224832,0.02891
0.010097265243530273,-0.6312684077,1.0136003975,-0.7046071743000001,-0.0821526831,1.1868942132000002,1.0455224832,0.02891
0.010100841522216797,-0.6312684077,1.0136003975,-0.7046071743000001,-0.08197815010000001,1.1892155021000002,1.0455224832,0.02891
0.010094165802001953,-0.6312684077,1.0136003975,-0.7046071743000001,-0.0849801177,1.1888140762000001,1.0437422466000001,0.02891
0.010101556777954102,-0.6312684077,1.0136003975,-0.7046071743000001,-0.0847008649,1.1888140762000001,1.0434629938000002,0.02891
0.01009511947631836,-0.6312684077,1.0136003975,-0.7046071743000001,-0.08684762080000001,1.1905768595000001,1.0434629938000002,0.02891
0.01009678840637207,-0.6312684077,1.0136003975,-0.7046071743000001,-0.08936089600000001,1.1902976067,1.0434629938000002,0.02891
0.010087013244628906,-0.6312684077,1.0136003975,-0.7046071743000001,-0.08918636300000002,1.1902976067,1.0434629938000002,0.02891
0.01009225845336914,-0.6312684077,1.0136003975,-0.7046071743000001,-0.0943176332,1.1902976067,1.0418921968000001,0.02891
0.010091304779052734,-0.6312684077,1.0154853539000002,-0.7046071743000001,-0.0944398063,1.1922000164000002,1.0418921968000001,0.02891
0.010096311569213867,-0.6312684077,1.0142287163,-0.7046071743000001,-0.09957107650000001,1.192758522,1.0418921968000001,0.02891
0.010106086730957031,-0.6312684077,1.0165674585,-0.7046071743000001,-0.10218907150000002,1.1926538022000002,1.0418921968000001,0.02891
0.010104179382324219,-0.6312684077,1.0183826017,-0.7046071743000001,-0.10543538530000002,1.1926538022000002,1.0418921968000001,0.02891
0.010114192962646484,-0.6312684077,1.0186793078,-0.7046071743000001,-0.1120327327,1.1926538022000002,1.0418921968000001,0.02891
0.01010441780090332,-0.6312684077,1.0210180500000001,-0.7046071743000001,-0.11412712870000001,1.1926538022000002,1.0418921968000001,0.02891
0.010098934173583984,-0.6312684077,1.023286979,-0.7046071743000001,-0.11842064050000001,1.1946085718000001,1.0411067983000002,0.02891
0.010102510452270508,-0.6312684077,1.0255035481,-0.7046071743000001,-0.12091646240000001,1.1946260251,1.0411067983000002,0.02891
0.010185718536376953,-0.6312684077,1.0259224273,-0.7046071743000001,-0.12618735900000003,1.1946260251,1.0411067983000002,0.02891
0.010125398635864258,-0.6312684077,1.0288545817,-0.7046071743000001,-0.1288402606,1.1946260251,1.0389949490000001,0.02891
0.010281801223754883,-0.6312684077,1.0334273463,-0.7046071743000001,-0.1314058957,1.1946260251,1.0385586165,0.02891
0.010136127471923828,-0.6312684077,1.0336018793,-0.7046071743000001,-0.1379857898,1.1946260251,1.0365340337000002,0.02891
0.010473012924194336,-0.6312684077,1.0388029627000002,-0.7046071743000001,-0.14369301890000002,1.1946260251,1.0297796066000002,0.02891
0.010144233703613281,-0.6312684077,1.0440040461000002,-0.7046071743000001,-0.14643318700000002,1.1946260251,1.0264634796,0.02891
0.01026153564453125,-0.6312684077,1.0463776949,-0.7046071743000001,-0.15159936380000003,1.1946260251,1.0163056590000001,0.02891
0.010115385055541992,-0.6312684077,1.0514216986,-0.7046071743000001,-0.15540418320000002,1.1946260251,1.0118027076,0.02891
0.010112285614013672,-0.6312684077,1.0539524271,-0.7046071743000001,-0.1608496128,1.1946260251,1.0028491647000002,0.02891
0.010098695755004883,-0.6312684077,1.058891711,-0.7046071743000001,-0.1633105281,1.1946260251,0.9967579630000001,0.02891
0.010107994079589844,-0.6336246032000001,1.0618587720000001,-0.7046071743000001,-0.167900746,1.1921127499000002,0.9859020104,0.02891
0.010205268859863281,-0.6362600515,1.0645465802,-0.7046071743000001,-0.16819745210000003,1.1920429367000003,0.9802995011000001,0.02891
0.010106563568115234,-0.6380053815000001,1.0697476636,-0.7046071743000001,-0.17041402120000002,1.1899310874,0.9741908461000001,0.02891
0.010111808776855469,-0.6398728846,1.0724354718,-0.7046071743000001,-0.17041402120000002,1.1900707138000002,0.9612579508000001,0.02891
0.010103702545166016,-0.6434333578,1.0775143821000002,-0.7046071743000001,-0.17041402120000002,1.1869291198,0.9549049496000002,0.02891
0.010102987289428711,-0.6454928472000001,1.0806036162000001,-0.7046071743000001,-0.1728051233,1.1867196802000002,0.9427749061000001,0.02891
0.010198116302490234,-0.6500830651,1.0858919661000002,-0.7046071743000001,-0.17271785680000004,1.1829323141,0.9362822785000001,0.02891
0.010101556777954102,-0.6522647276000001,1.0882481616,-0.7046071743000001,-0.17271785680000004,1.1816931298000002,0.9237333558000002,0.02891
0.010110855102539062,-0.6572389181,1.0910406896,-0.7046071743000001,-0.17271785680000004,1.1819549293000002,0.9179214069000001,0.02891
0.010105609893798828,-0.6600488994,1.0958578004000001,-0.7046071743000001,-0.17271785680000004,1.1777835906,0.9123887108000002,0.02891
0.010108232498168945,-0.6622829218,1.0981790893,-0.7046071743000001,-0.17079799380000002,1.1756193814000002,0.9007648130000001,0.02891
0.010108470916748047,-0.6676061783,1.1033452661,-0.7046071743000001,-0.17078054050000002,1.1727395869000001,0.8964713012000001,0.02891
0.01009511947631836,-0.6705034261000001,1.1051953159,-0.7046071743000001,-0.17078054050000002,1.1707499107,0.8865578268000001,0.02891
0.010195732116699219,-0.6749889242,1.1089128688,-0.7046071743000001,-0.1684068917,1.1675734101000002,0.8819327023000001,0.02891
0.010102272033691406,-0.677711639,1.1113039709,-0.7046071743000001,-0.1684068917,1.1650601349,0.8758240473000001,0.02891
0.01011037826538086,-0.6825636564,1.1135554466000002,-0.7046071743000001,-0.1684068917,1.1632100851000002,0.8736947447000001,0.02891
0.010092735290527344,-0.6851467448,1.1171857330000001,-0.7046071743000001,-0.1657714434,1.1606269967,0.8669403176,0.02891
0.010095834732055664,-0.6881487124,1.1191230493,-0.7046071743000001,-0.16584125660000001,1.1609586094000002,0.8648459216000001,0.02891
0.010099649429321289,-0.6931054496000001,1.1229278687000002,-0.7046071743000001,-0.16584125660000001,1.1601383043000002,0.8622802865000001,0.02891
0.010109663009643555,-0.6957059913,1.1230849484,-0.7046071743000001,-0.1635548743,1.1573632296,0.8577947884000001,0.02891
0.010248184204101562,-0.7013957671000001,1.1258949297,-0.7046071743000001,-0.163537421,1.1545881549,0.8559272853000001,0.02891
0.010194063186645508,-0.7071029962000001,1.1305549608,-0.7046071743000001,-0.163537421,1.1526857452000001,0.8537281695000001,0.02891
0.010221719741821289,-0.7100351506000001,1.1319163182,-0.7046071743000001,-0.16175718440000003,1.1507135223,0.8538852492000001,0.02891
0.01009988784790039,-0.7147300883000001,1.1341328873,-0.7046071743000001,-0.16175718440000003,1.1508706020000001,0.8538852492000001,0.02891
0.01022028923034668,-0.7178542290000001,1.1344121401,-0.7046071743000001,-0.16175718440000003,1.1484969532000002,0.8538852492000001,0.02891
0.01027369499206543,-0.723090219,1.1369603219000002,-0.7046071743000001,-0.158999563,1.1481478872000002,0.8538852492000001,0.02891
0.010104179382324219,-0.7258652937000001,1.1398052098,-0.7046071743000001,-0.15891229650000002,1.1443779744,0.8538852492000001,0.02891
0.010109663009643555,-0.7290592476000001,1.140049556,-0.7046071743000001,-0.15891229650000002,1.1424755647000002,0.8538852492000001,0.02891
0.010189294815063477,-0.7339985315,1.1417774327,-0.7046071743000001,-0.1565037411,1.141096754,0.8538852492000001,0.02891
0.010201215744018555,-0.7370004991,1.1417774327,-0.7046071743000001,-0.15645138120000002,1.1399273829,0.8538852492000001,0.02891
0.010104179382324219,-0.7426902749000001,1.1437671089,-0.7046071743000001,-0.15645138120000002,1.1352848051,0.8538852492000001,0.02891
0.010103702545166016,-0.7452908166000001,1.1458265983,-0.7046071743000001,-0.15416499890000002,1.1350928188,0.8515814136000001,0.02891
0.010116100311279297,-0.7512074853,1.1459313181,-0.7046071743000001,-0.15414754560000002,1.1326493568,0.8517035867,0.02891
0.010107040405273438,-0.7535113209000001,1.1483049669000003,-0.7046071743000001,-0.15414754560000002,1.1326668101000001,0.8517035867,0.02891
0.010096311569213867,-0.756076956,1.1502946431,-0.7046071743000001,-0.15414754560000002,1.1326668101000001,0.8517035867,0.02891
0.010201692581176758,-0.7613303993000001,1.1521621462,-0.7046071743000001,-0.15414754560000002,1.1326668101000001,0.8491903115000001,0.02891
0.010102510452270508,-0.7636167816000001,1.1523366792,-0.7046071743000001,-0.15414754560000002,1.1326668101000001,0.8490681384000002,0.02891
0.010116338729858398,-0.7688004117,1.1540994625,-0.7046071743000001,-0.15414754560000002,1.1291761501000002,0.8490681384000002,0.02891
0.010128974914550781,-0.7707028214000001,1.1536980366000003,-0.7046071743000001,-0.15414754560000002,1.1274308201,0.8490681384000002,0.02891
0.010123729705810547,-0.7746821738000002,1.1565952844,-0.7046071743000001,-0.15414754560000002,1.125214251,0.8469388358000002,0.02891
0.010196924209594727,-0.7769511028,1.1564032981,-0.7046071743000001,-0.15414754560000002,1.122770789,0.8453505855000001,0.02891
0.010107994079589844,-0.7791153120000001,1.1584802408000001,-0.7046071743000001,-0.15414754560000002,1.1207462062,0.8434132692,0.02891
0.010213375091552734,-0.7813318811000001,1.1611505957000001,-0.7046071743000001,-0.15414754560000002,1.1178315051,0.8405858346,0.02891
0.010183095932006836,-0.7847352746000001,1.1609062495000002,-0.7046071743000001,-0.15414754560000002,1.1181805711,0.8369730015000001,0.02891
0.010438203811645508,-0.79063449,1.1632100851000002,-0.7046071743000001,-0.15414754560000002,1.1155451228,0.8346342593,0.02891
0.010457038879394531,-0.7923798200000001,1.1652870278000003,-0.7046071743000001,-0.15414754560000002,1.1097855338,0.8304105607000001,0.02891
0.010180473327636719,-0.7926939794000001,1.1649205085000003,-0.7046071743000001,-0.15414754560000002,1.1094364678000002,0.8303407475000001,0.02891
0.010114192962646484,-0.7973365572000001,1.1696852594,-0.7046071743000001,-0.15414754560000002,1.1073420718,0.8303407475000001,0.02891
0.010208606719970703,-0.7991517004,1.1714654960000002,-0.7046071743000001,-0.15414754560000002,1.1068359261,0.8303407475000001,0.02891
0.010128259658813477,-0.8021013081000001,1.1739962245000002,-0.7046071743000001,-0.1521578694,1.1043750108000001,0.8303407475000001,0.02891
0.01021718978881836,-0.8023980142,1.1742405707,-0.7046071743000001,-0.1521753227,1.1040433981,0.8303407475000001,0.02891
0.010127067565917969,-0.8062551935000001,1.1768062058000002,-0.7046071743000001,-0.1521753227,1.1014079498000002,0.8303407475000001,0.02891
0.01011037826538086,-0.8079481636000001,1.1809600912000002,-0.7046071743000001,-0.1521753227,1.0985281553000001,0.8303407475000001,0.02891
0.010118246078491211,-0.8084194027000001,1.1830893938000002,-0.7046071743000001,-0.1521753227,1.0988772213,0.8303407475000001,0.02891
0.010123014450073242,-0.8101647327,1.1861960812,-0.7046071743000001,-0.1521753227,1.0988772213,0.8303407475000001,0.02891
0.010133504867553711,-0.8101647327,1.1880286777000002,-0.7066143038,-0.1521753227,1.0960846933000001,0.8303407475000001,0.02891
0.010231733322143555,-0.8108977713000001,1.1923047361999999,-0.7066317571000001,-0.1521753227,1.0936935912,0.8303407475000001,0.02891
0.010113000869750977,-0.8108977713000001,1.1941024261000002,-0.7066317571000001,-0.1521753227,1.0931874455000001,0.8303407475000001,0.02891
0.010097265243530273,-0.812451115,1.1941024261000002,-0.7066317571000001,-0.1521753227,1.0905170906000001,0.8303407475000001,0.02891
0.010106086730957031,-0.812451115,1.1993558694000002,-0.7066317571000001,-0.1521753227,1.0888066672,0.8303407475000001,0.02891
0.010102987289428711,-0.812451115,1.2015898918,-0.7066317571000001,-0.15439189180000001,1.0879165489,0.8303407475000001,0.02891
0.010108709335327148,-0.812451115,1.2034224883,-0.7066317571000001,-0.15439189180000001,1.0881958017,0.8303407475000001,0.02891
0.010116338729858398,-0.812451115,1.2067386153000002,-0.7066317571000001,-0.15439189180000001,1.0881958017,0.8303407475000001,0.02891
0.010117292404174805,-0.812451115,1.2102467286,-0.7066317571000001,-0.15439189180000001,1.0841291828000001,0.8303407475000001,0.02891
0.010122537612915039,-0.812451115,1.2109797672,-0.7066317571000001,-0.15439189180000001,1.0826805589000001,0.8303407475000001,0.02891
0.010122060775756836,-0.812451115,1.2133359627000002,-0.7066317571000001,-0.15439189180000001,1.082977265,0.8303407475000001,0.02891
0.0102996826171875,-0.812451115,1.2162157572,-0.7066317571000001,-0.15439189180000001,1.0802545502,0.8303407475000001,0.02891
0.010236024856567383,-0.812451115,1.2183101532000002,-0.7066317571000001,-0.15439189180000001,1.0807432426,0.8303407475000001,0.02891
0.010116100311279297,-0.812451115,1.2227956513000002,-0.7066317571000001,-0.15439189180000001,1.0807432426,0.8303407475000001,0.02891
0.01026010513305664,-0.812451115,1.2249773138000002,-0.7066317571000001,-0.15439189180000001,1.0807432426,0.8303407475000001,0.02891
0.010117053985595703,-0.812451115,1.2251343935,-0.7066317571000001,-0.15439189180000001,1.0807432426,0.8303407475000001,0.02891
0.010107278823852539,-0.812451115,1.2293057322,-0.7066317571000001,-0.15439189180000001,1.0789280994000001,0.8303407475000001,0.02891
0.010249137878417969,-0.812451115,1.2311034221000001,-0.7066317571000001,-0.15439189180000001,1.07861394,0.8303407475000001,0.02891
0.010104894638061523,-0.812451115,1.2333723511,-0.7066317571000001,-0.15439189180000001,1.0765195440000002,0.8303407475000001,0.02891
0.010097026824951172,-0.812451115,1.2339308567,-0.7066317571000001,-0.15439189180000001,1.0765195440000002,0.8303407475000001,0.02891
0.020214557647705078,-0.812451115,1.2382243685,-0.7066317571000001,-0.15439189180000001,1.0739190023,0.8303407475000001,0.02891
0.010183572769165039,-0.812451115,1.2397602589,-0.7066317571000001,-0.15439189180000001,1.0740237221,0.8303407475000001,0.02891
0.010106563568115234,-0.812451115,1.2424306138000003,-0.7066317571000001,-0.15439189180000001,1.0740237221,0.8289444835,0.02891
0.010109901428222656,-0.812451115,1.2419244681000001,-0.7066317571000001,-0.15439189180000001,1.0740237221,0.8289444835,0.02891
0.010113954544067383,-0.812451115,1.2430065727,-0.7066317571000001,-0.15439189180000001,1.0740237221,0.8289444835,0.02891
0.01011347770690918,-0.812451115,1.2454500347,-0.7066317571000001,-0.15439189180000001,1.0735175764000002,0.8261345022000002,0.02891
0.010109424591064453,-0.812451115,1.2459038205000001,-0.7066317571000001,-0.15439189180000001,1.0710915677000001,0.8265184748000001,0.02891
0.010097742080688477,-0.812451115,1.2478934967,-0.7066317571000001,-0.15439189180000001,1.067443828,0.8265184748000001,0.02891
0.010085105895996094,-0.812451115,1.2474048043000001,-0.7066317571000001,-0.15439189180000001,1.0673042016,0.8229056417000001,0.02891
0.010065793991088867,-0.812451115,1.2500227993,-0.7066317571000001,-0.15439189180000001,1.0650178193000002,0.8214221112000001,0.02891
0.01010584831237793,-0.812451115,1.2504242252000002,-0.7066317571000001,-0.15439189180000001,1.0649305528000002,0.8189088360000001,0.02891
0.01019740104675293,-0.812451115,1.2528502339,-0.7066317571000001,-0.15439189180000001,1.0649305528000002,0.8168667999,0.02891
0.010192155838012695,-0.812451115,1.2531294867000002,-0.7066317571000001,-0.15439189180000001,1.0649305528000002,0.8125558348,0.02891
0.010209798812866211,-0.812451115,1.2531294867000002,-0.7066317571000001,-0.15439189180000001,1.0627663436,0.8100251063000001,0.02891
0.01014566421508789,-0.812451115,1.2544210309000001,-0.7066317571000001,-0.15439189180000001,1.0626092639000002,0.8077212707000001,0.02891
0.01018977165222168,-0.812451115,1.2563408939000003,-0.7066317571000001,-0.15439189180000001,1.0602705217000001,0.8052603554000001,0.02891
0.010091781616210938,-0.812451115,1.2581211305,-0.7066317571000001,-0.15439189180000001,1.0584030186000002,0.8051905422000001,0.02891
0.010173797607421875,-0.812451115,1.2584527432000001,-0.7066317571000001,-0.15439189180000001,1.0581412191000001,0.8051905422000001,0.02891
0.010326147079467773,-0.812451115,1.2607391255,-0.7066317571000001,-0.15439189180000001,1.0581412191000001,0.8051905422000001,0.02891
0.010092973709106445,-0.812451115,1.2611754580000003,-0.7084294470000001,-0.15439189180000001,1.0581412191000001,0.8051905422000001,0.02891
0.010106801986694336,-0.812451115,1.2637236398000002,-0.708080381,-0.15439189180000001,1.0565704221,0.8051905422000001,0.02891
0.010467052459716797,-0.812451115,1.2638807195000001,-0.708080381,-0.15439189180000001,1.055750117,0.8051905422000001,0.02891
0.010107994079589844,-0.812451115,1.2658529424000002,-0.708080381,-0.15439189180000001,1.0536906276,0.8051905422000001,0.02891
0.01020193099975586,-0.812451115,1.2655911429000002,-0.708080381,-0.15439189180000001,1.0540222403000001,0.8051905422000001,0.02891
0.010116815567016602,-0.812451115,1.2677204455000002,-0.7087261531000001,-0.15439189180000001,1.0540222403000001,0.8051905422000001,0.02891
0.010115861892700195,-0.812451115,1.2696228552000002,-0.7087261531000001,-0.15439189180000001,1.0540222403000001,0.8051905422000001,0.02891
0.010645866394042969,-0.812451115,1.2721535837,-0.7104540298000002,-0.15439189180000001,1.0540222403000001,0.8051905422000001,0.02891
0.010119915008544922,-0.812451115,1.2719266908000002,-0.7104540298000002,-0.15439189180000001,1.0540222403000001,0.8051905422000001,0.02891
0.010205268859863281,-0.812451115,1.2724851964000001,-0.7131243847000001,-0.15439189180000001,1.0540222403000001,0.8051905422000001,0.02891
0.01009988784790039,-0.812451115,1.2748762985000002,-0.7131243847000001,-0.15439189180000001,1.0540222403000001,0.8051905422000001,0.02891
0.010104179382324219,-0.812451115,1.2772324940000002,-0.7148871680000001,-0.15439189180000001,1.0540222403000001,0.8051905422000001,0.02891
0.010209321975708008,-0.812451115,1.2775815600000002,-0.7148871680000001,-0.15439189180000001,1.0540222403000001,0.8051905422000001,0.02891
0.020301342010498047,-0.8149992968,1.2775815600000002,-0.7148871680000001,-0.15439189180000001,1.0540222403000001,0.8051905422000001,0.02891
0.010095834732055664,-0.8151389232,1.2775815600000002,-0.7148871680000001,-0.15439189180000001,1.0540222403000001,0.8051905422000001,0.02891
0.010109663009643555,-0.8181583441000001,1.2792570768000002,-0.7148871680000001,-0.15439189180000001,1.0540222403000001,0.8051905422000001,0.02891
0.01009678840637207,-0.8199734873000001,1.280199555,-0.7148871680000001,-0.15439189180000001,1.0540222403000001,0.8051905422000001,0.02891
0.010073661804199219,-0.8199734873000001,1.2818576185,-0.7154282203000001,-0.15243712220000002,1.0517882179,0.8051905422000001,0.02891
0.01018667221069336,-0.8224518559,1.2818576185,-0.7154282203000001,-0.15229749580000002,1.051735858,0.8051905422000001,0.02891
0.01018667221069336,-0.8225042158,1.2818576185,-0.7172782701000001,-0.15229749580000002,1.0499207148,0.8051905422000001,0.02891
0.01011514663696289,-0.8245811585,1.2818576185,-0.7172782701000001,-0.15229749580000002,1.049641462,0.8051905422000001,0.02891
0.010079622268676758,-0.8247905981,1.2839171079000002,-0.7172782701000001,-0.15229749580000002,1.049641462,0.8051905422000001,0.02891
0.010115385055541992,-0.8273387799,1.2839869211,-0.7172782701000001,-0.15229749580000002,1.049641462,0.8051905422000001,0.02891
0.010106801986694336,-0.8288746703000001,1.2839869211,-0.7172782701000001,-0.15229749580000002,1.049641462,0.8051905422000001,0.02891
0.010097980499267578,-0.8288746703000001,1.2839869211,-0.7190236001000001,-0.15229749580000002,1.0474597995000001,0.8033753990000001,0.02891
0.010094642639160156,-0.8288746703000001,1.2839869211,-0.7190236001000001,-0.15229749580000002,1.0474248929,0.8036895584000001,0.02891
0.020402193069458008,-0.8288746703000001,1.2839869211,-0.7193203062,-0.15229749580000002,1.0474248929,0.8036895584000001,0.02891
0.01010894775390625,-0.8288746703000001,1.2839869211,-0.7214147022000001,-0.1546711446,1.0474248929,0.8036895584000001,0.02891
0.0101165771484375,-0.8296426155,1.2839869211,-0.7213623423000001,-0.15470605120000003,1.0474248929,0.8036895584000001,0.02891
0.010198593139648438,-0.8296426155,1.2839869211,-0.7232298454000001,-0.15470605120000003,1.0474248929,0.8036895584000001,0.02891
0.010117530822753906,-0.8313181323000001,1.2839869211,-0.7233869251000001,-0.15470605120000003,1.0499032615000001,0.8036895584000001,0.02891
0.010217428207397461,-0.8313181323000001,1.2839869211,-0.7233869251000001,-0.15470605120000003,1.0499032615000001,0.8008446705000001,0.02891
0.010112524032592773,-0.8339186740000001,1.2839869211,-0.7251497084,-0.15470605120000003,1.0512995255000002,0.8007923106,0.02891
0.010202646255493164,-0.8339186740000001,1.2839869211,-0.7251497084,-0.15470605120000003,1.0512995255000002,0.7984710217000001,0.02891
0.01011204719543457,-0.8365541223,1.2839869211,-0.7251497084,-0.15470605120000003,1.0512995255000002,0.7958355734,0.02891
0.01010274887084961,-0.8385961584000001,1.2839869211,-0.7251497084,-0.15247202880000002,1.0521896438,0.7934444713000001,0.02891
0.010115861892700195,-0.8385961584000001,1.2839869211,-0.7251497084,-0.15201824300000003,1.0521896438,0.7880514016000001,0.02891
0.010115861892700195,-0.8415457661000001,1.2839869211,-0.7257431206000001,-0.15201824300000003,1.0521896438,0.7857650193000001,0.02891
0.010150432586669922,-0.8409872605000001,1.2839869211,-0.7257431206000001,-0.15201824300000003,1.0521896438,0.7800228836,0.02891
0.010107755661010742,-0.8449666129,1.2839869211,-0.7257431206000001,-0.15201824300000003,1.0521896438,0.7776841414000001,0.02891
0.010148286819458008,-0.8463628769000001,1.2839869211,-0.7257431206000001,-0.15201824300000003,1.0521896438,0.7756071987000001,0.02891
0.010103464126586914,-0.8485619927000001,1.2839869211,-0.7257431206000001,-0.15006347340000004,1.0521896438,0.7734429895,0.02891
0.010114908218383789,-0.8487190724000001,1.2839869211,-0.7257431206000001,-0.15034272620000003,1.0521896438,0.7707202747,0.02891
0.010102272033691406,-0.8487190724000001,1.2839869211,-0.7257431206000001,-0.14814361040000001,1.0521896438,0.7707028214000001,0.02891
0.010146141052246094,-0.8507785618000001,1.2839869211,-0.7257431206000001,-0.14814361040000001,1.0521896438,0.7707028214000001,0.02891
0.010200023651123047,-0.850499309,1.2839869211,-0.7257431206000001,-0.14814361040000001,1.0521896438,0.7707028214000001,0.02891
0.07085919380187988,-0.850499309,1.2839869211,-0.7257431206000001,-0.1460666677,1.0521896438,0.7707028214000001,0.02891
0.020300865173339844,-0.850499309,1.2839869211,-0.7257431206000001,-0.14379773870000004,1.0521896438,0.7707028214000001,0.02891
0.010091543197631836,-0.850499309,1.2839869211,-0.7257431206000001,-0.14376283210000002,1.0521896438,0.7707028214000001,0.02891
0.020188570022583008,-0.850499309,1.2839869211,-0.7257431206000001,-0.1411273838,1.0521896438,0.7707028214000001,0.02891
0.010117053985595703,-0.850499309,1.2839869211,-0.7257431206000001,-0.1390504411,1.0521896438,0.7707028214000001,0.02891
0.010195016860961914,-0.850499309,1.2839869211,-0.7257431206000001,-0.139102801,1.0521896438,0.7707028214000001,0.02891
0.01010584831237793,-0.850499309,1.2839869211,-0.7257431206000001,-0.1364498994,1.0521896438,0.7707028214000001,0.02891
0.07106590270996094,-0.850499309,1.2839869211,-0.7257431206000001,-0.1364498994,1.0501825143,0.7707028214000001,0.02891
0.010113000869750977,-0.850499309,1.2839869211,-0.7257431206000001,-0.1364498994,1.0502348742,0.7707028214000001,0.02891
0.07152795791625977,-0.850499309,1.2839869211,-0.7257431206000001,-0.1364498994,1.0482975579000002,0.7707028214000001,0.02891
0.010097742080688477,-0.850499309,1.2839869211,-0.7257431206000001,-0.1364498994,1.0481928381,0.7707028214000001,0.02891
0.06095170974731445,-0.850499309,1.2839869211,-0.7257431206000001,-0.1364498994,1.0463078817,0.7707028214000001,0.02891
0.01009678840637207,-0.850499309,1.2839869211,-0.7257431206000001,-0.1364498994,1.0466045878,0.7707028214000001,0.02891
0.010207891464233398,-0.850499309,1.2855053582,-0.7257431206000001,-0.1364498994,1.0466045878,0.7707028214000001,0.02891
0.01020956039428711,-0.850499309,1.2855053582,-0.7277153435000001,-0.1346522095,1.0466045878,0.7707028214000001,0.02891
0.010120630264282227,-0.850499309,1.2855053582,-0.7275582638000001,-0.1346522095,1.0466045878,0.7707028214000001,0.02891
0.010201215744018555,-0.850499309,1.2855053582,-0.7275582638000001,-0.13245309370000002,1.0466045878,0.7707028214000001,0.02891
0.01010894775390625,-0.850499309,1.286133677,-0.7296352065,-0.1322262008,1.0466045878,0.7707028214000001,0.02891
0.01010441780090332,-0.850499309,1.2880535400000002,-0.7298097395,-0.1323832805,1.0466045878,0.7707028214000001,0.02891
0.010096549987792969,-0.850499309,1.2880535400000002,-0.7324102812000001,-0.1323832805,1.0466045878,0.7707028214000001,0.02891
0.010113239288330078,-0.850499309,1.2919979858000001,-0.7349410097000001,-0.12997472510000002,1.0497985417000002,0.7707028214000001,0.02891
0.010109663009643555,-0.850499309,1.2935164229,-0.7345919437,-0.1298874586,1.0497985417000002,0.7707028214000001,0.02891
0.010102987289428711,-0.850499309,1.2938654889,-0.7370877656,-0.1298874586,1.0542665865,0.7707028214000001,0.02891
0.010120868682861328,-0.850499309,1.2965183905,-0.7400548266000001,-0.1298874586,1.054353853,0.7707028214000001,0.02891
0.010120868682861328,-0.850499309,1.29852552,-0.7402293596,-0.1298874586,1.054353853,0.7707028214000001,0.02891
0.010183334350585938,-0.850499309,1.3022954328,-0.7429695277000001,-0.1298874586,1.0561515429000001,0.7707028214000001,0.02891
0.010130643844604492,-0.850499309,1.3047738014,-0.7453257232000001,-0.1298874586,1.056622782,0.7707028214000001,0.02891
0.010103225708007812,-0.850499309,1.3070950903000003,-0.7478564517,-0.1298874586,1.0581761257,0.7707028214000001,0.02891
0.010107040405273438,-0.850499309,1.3095385523000003,-0.7483102375,-0.1298874586,1.0581761257,0.7707028214000001,0.02891
0.010099649429321289,-0.850499309,1.3132735585000002,-0.7522023234,-0.1298874586,1.0600436288000001,0.7707028214000001,0.02891
0.010220527648925781,-0.850499309,1.3156821139000001,-0.7534938676,-0.1298874586,1.0592582303000002,0.7707028214000001,0.02891
0.010486125946044922,-0.850499309,1.3190680541000002,-0.7556580768000001,-0.1298874586,1.0628536101000001,0.7707028214000001,0.02891
0.010107755661010742,-0.850499309,1.3227681537000002,-0.7580840855000001,-0.1298874586,1.0622252913,0.7707028214000001,0.02891
0.010123014450073242,-0.850499309,1.3250196294000003,-0.7577350195,-0.1298874586,1.0622252913,0.7707028214000001,0.02891
0.010127782821655273,-0.850499309,1.3269394924000002,-0.7606322673000001,-0.1298874586,1.0622252913,0.7707028214000001,0.02891
0.010107755661010742,-0.850499309,1.3292782346000003,-0.7603704678000001,-0.12812467530000002,1.0622252913,0.7707028214000001,0.02891
0.010151863098144531,-0.850499309,1.3291909681,-0.7631455425000001,-0.1282293951,1.0622252913,0.7707028214000001,0.02891
0.010110139846801758,-0.850499309,1.3343571449000002,-0.7650304989000001,-0.1282293951,1.0622252913,0.7707028214000001,0.02891
0.010108232498168945,-0.850499309,1.3363119145,-0.7650130456,-0.1257161199,1.0622252913,0.7707028214000001,0.02891
0.010174989700317383,-0.850499309,1.3387728298000001,-0.7675437741,-0.1261000925,1.0640404345,0.7707028214000001,0.02891
0.010103702545166016,-0.850499309,1.3384935770000002,-0.7677532137,-0.1261000925,1.0640404345,0.7707028214000001,0.02891
0.010196924209594727,-0.850499309,1.3423158497000003,-0.7702141290000001,-0.1261000925,1.0640404345,0.7707028214000001,0.02891
0.010112762451171875,-0.850499309,1.3439390066,-0.7704410219000001,-0.1261000925,1.0640404345,0.7707028214000001,0.02891
0.010119199752807617,-0.850499309,1.344253166,-0.7704410219000001,-0.1261000925,1.0640404345,0.7707028214000001,0.02891
0.010116338729858398,-0.850499309,1.3463301087000001,-0.7732510032000001,-0.1261000925,1.0640404345,0.7707028214000001,0.02891
0.010114192962646484,-0.850499309,1.3468537077,-0.7753453992,-0.1261000925,1.0640404345,0.7707028214000001,0.02891
0.010206460952758789,-0.850499309,1.3487735707000001,-0.7755199322,-0.1261000925,1.0640404345,0.7707028214000001,0.02891
0.01011514663696289,-0.850499309,1.3508679667,-0.7775096084,-0.1261000925,1.0640404345,0.7707028214000001,0.02891
0.010121345520019531,-0.850499309,1.351234486,-0.7777015947,-0.1261000925,1.0640404345,0.7707028214000001,0.02891
0.0202028751373291,-0.850499309,1.351234486,-0.779987977,-0.1261000925,1.0640404345,0.7707028214000001,0.02891
0.020175933837890625,-0.850499309,1.3532590688000001,-0.779987977,-0.1261000925,1.0640404345,0.7707028214000001,0.02891
0.01012420654296875,-0.850499309,1.3526482033000002,-0.7823441725000001,-0.1261000925,1.0640404345,0.7707028214000001,0.02891
0.020310163497924805,-0.850499309,1.3526482033000002,-0.7840545959000002,-0.1261000925,1.0640404345,0.7707028214000001,0.02891
0.020315170288085938,-0.852942771,1.3526482033000002,-0.7840545959000002,-0.1261000925,1.0640404345,0.7707028214000001,0.02891
0.010126113891601562,-0.8552815132,1.3526482033000002,-0.7840545959000002,-0.1261000925,1.0640404345,0.7682593594000001,0.02891
0.010205268859863281,-0.8592085057000001,1.3526482033000002,-0.7840545959000002,-0.1261000925,1.0640404345,0.7679277467000001,0.02891
0.010212182998657227,-0.8596622915000001,1.3526482033000002,-0.7840545959000002,-0.12351700410000001,1.0640404345,0.7645418065,0.02891
0.010126352310180664,-0.8624548195,1.3526482033000002,-0.7840545959000002,-0.1186475334,1.0640404345,0.7572288738000001,0.02891
0.010105133056640625,-0.8667483313000001,1.3526482033000002,-0.7840545959000002,-0.1168149369,1.0640404345,0.7542618128,0.02891
0.010128498077392578,-0.8694361395,1.3526482033000002,-0.7840545959000002,-0.11414458200000001,1.0640404345,0.7481531578,0.02891
0.010627508163452148,-0.8742881569000002,1.3526482033000002,-0.7840545959000002,-0.11173602660000001,1.0588044445,0.7446101379,0.02891
0.010471820831298828,-0.880344452,1.3526482033000002,-0.7840545959000002,-0.10992088340000002,1.0585600983,0.7396708540000001,0.02891
0.010114431381225586,-0.8826657409,1.3526482033000002,-0.7840545959000002,-0.1037249619,1.056448249,0.7310140172,0.02891
0.010197162628173828,-0.8887220360000001,1.3526482033000002,-0.7840545959000002,-0.10077535420000001,1.0561340896,0.7263539861,0.02891
0.010209083557128906,-0.8920207097000001,1.3526482033000002,-0.7840545959000002,-0.0981573592,1.0534637347000002,0.718203295,0.02891
0.01022481918334961,-0.898670417,1.3526482033000002,-0.7849796208,-0.09628985610000002,1.0534637347000002,0.7136828903,0.02891
0.010200262069702148,-0.9016025714000001,1.3544982531,-0.7868122173000002,-0.09072225340000001,1.0534637347000002,0.7079407546,0.02891
0.010103225708007812,-0.9045696324000001,1.3537652145,-0.7865678711,-0.0891165498,1.0534637347000002,0.6976607609000001,0.02891
0.01019906997680664,-0.9107481006000001,1.3537652145,-0.7890811463,-0.0872490467,1.0534637347000002,0.6927389303000001,0.02891
0.010110616683959961,-0.9132439225000001,1.3537652145,-0.7888717067000001,-0.08302534810000001,1.0534637347000002,0.6823018569000001,0.02891
0.010092020034790039,-0.919614377,1.3555105445000002,-0.7921005672000001,-0.0829380816,1.0534637347000002,0.6773451197,0.02891
0.010103225708007812,-0.9221101989,1.3551440252000002,-0.7948407353,-0.0809484054,1.0534637347000002,0.6677807113,0.02891
0.010103702545166016,-0.9273112823,1.3551440252000002,-0.7951548947,-0.0779464378,1.0563784358000001,0.6634348396,0.02891
0.010106086730957031,-0.9297372910000001,1.3570289816,-0.7967780516,-0.0779289845,1.0584204719,0.6591238745000001,0.02891
0.01011037826538086,-0.9315698875,1.3561563166000001,-0.7997102060000001,-0.0757822286,1.0582284856000002,0.6495594661,0.02891
0.010206222534179688,-0.9356365064000001,1.3561563166000001,-0.8022409345000001,-0.0757822286,1.0623998243000001,0.6467320315,0.02891
0.010256290435791016,-0.9381323283,1.3561563166000001,-0.8020140416,-0.0757822286,1.0642324208,0.6424559730000001,0.02891
0.010108470916748047,-0.9400696446000001,1.3561563166000001,-0.8044400503000001,-0.0757822286,1.0664664432000002,0.6422988933000001,0.02891
0.010119438171386719,-0.9431065188000001,1.3561563166000001,-0.8044400503000001,-0.0757822286,1.0662919102000001,0.6402044973,0.02891
0.010082006454467773,-0.9460735798000002,1.3561563166000001,-0.8063075534,-0.0757822286,1.0662919102000001,0.6402044973,0.02891
0.01009678840637207,-0.9479585362,1.3561563166000001,-0.8061155671,-0.0757822286,1.0667980559,0.6402044973,0.02891
0.020304203033447266,-0.9509430505,1.3561563166000001,-0.8061155671,-0.0757822286,1.0667980559,0.6402044973,0.02891
0.010195493698120117,-0.9509430505,1.3561563166000001,-0.8061155671,-0.07780681140000001,1.0667980559,0.6421418136000001,0.02891
0.010135173797607422,-0.9524963942000001,1.3561563166000001,-0.8061155671,-0.0781035175,1.0667980559,0.6424036131,0.02891
0.010118484497070312,-0.9550794826000001,1.3561563166000001,-0.8061155671,-0.079936114,1.0667980559,0.6441314898,0.02891
0.010106801986694336,-0.9574182248000002,1.3561563166000001,-0.8061155671,-0.079936114,1.0667980559,0.6441314898,0.02891
0.010573863983154297,-0.9593206345000002,1.3561563166000001,-0.8061155671,-0.079936114,1.0667980559,0.6441314898,0.02891
0.010211467742919922,-0.9593729944000001,1.3561563166000001,-0.8061155671,-0.079936114,1.0667980559,0.6441314898,0.02891
0.050894975662231445,-0.9593729944000001,1.3561563166000001,-0.8061155671,-0.0779638911,1.0667980559,0.6441314898,0.02891
0.01021718978881836,-0.9593729944000001,1.3561563166000001,-0.8061155671,-0.0781384241,1.0667980559,0.6441314898,0.02891
0.010202884674072266,-0.9593729944000001,1.3561563166000001,-0.8061155671,-0.0767072535,1.0667980559,0.6423163466,0.02891
0.020318031311035156,-0.9593729944000001,1.3561563166000001,-0.8061155671,-0.07307696710000001,1.0667980559,0.6423163466,0.02891
0.010074853897094727,-0.9593729944000001,1.3561563166000001,-0.8061155671,-0.0743161514,1.0667980559,0.6423163466,0.02891
0.020212411880493164,-0.9593729944000001,1.3561563166000001,-0.8061155671,-0.07243119500000002,1.0667980559,0.6441838497000001,0.02891
0.020290374755859375,-0.9593729944000001,1.3561563166000001,-0.8061155671,-0.0719425026,1.0667980559,0.6441838497000001,0.02891
0.020271778106689453,-0.9593729944000001,1.3561563166000001,-0.8061155671,-0.0702320792,1.0667980559,0.6441838497000001,0.02891
0.04052448272705078,-0.9593729944000001,1.3561563166000001,-0.8061155671,-0.0702320792,1.0647909264000002,0.6441838497000001,0.02891
0.05153298377990723,-0.9593729944000001,1.3561563166000001,-0.8061155671,-0.0702320792,1.0624521842,0.6441838497000001,0.02891
0.010105133056640625,-0.9593729944000001,1.3561563166000001,-0.8061155671,-0.0702320792,1.0625918106,0.6441838497000001,0.02891
0.030318737030029297,-0.9593729944000001,1.3561563166000001,-0.8061155671,-0.0702320792,1.0604799613000002,0.6423163466,0.02891
0.010110616683959961,-0.9593729944000001,1.3579016466000002,-0.8061155671,-0.0702320792,1.0604101481000001,0.6421941735000001,0.02891
0.010192632675170898,-0.9593729944000001,1.3575874872000002,-0.8061155671,-0.0702320792,1.0604101481000001,0.6395936318000001,0.02891
0.010188102722167969,-0.9593729944000001,1.3575874872000002,-0.8061155671,-0.0702320792,1.0585600983,0.6399252445,0.02891
0.010202646255493164,-0.9593729944000001,1.3575874872000002,-0.8061155671,-0.0702320792,1.0590487907000001,0.6372025297,0.02891
0.01020956039428711,-0.9593729944000001,1.3575874872000002,-0.8061155671,-0.0702320792,1.0590487907000001,0.6376388622,0.02891
0.010122060775756836,-0.9593729944000001,1.3575874872000002,-0.8061155671,-0.0702320792,1.0590487907000001,0.6355968261000001,0.02891
0.010203838348388672,-0.9593729944000001,1.3595597101000003,-0.8061155671,-0.0702320792,1.0590487907000001,0.6336769631000001,0.02891
0.010112762451171875,-0.9593729944000001,1.3609036142000002,-0.8061155671,-0.0702320792,1.0581586724,0.6340958423000002,0.02891
0.010212421417236328,-0.9593729944000001,1.3603974685,-0.8061155671,-0.0702320792,1.0581586724,0.6294183579000001,0.02891
0.010195732116699219,-0.9593729944000001,1.3614621198,-0.8061155671,-0.0702320792,1.0581586724,0.6281268137,0.02891
0.010200738906860352,-0.9593729944000001,1.3643419143000002,-0.8061155671,-0.0702320792,1.0581586724,0.6258229781000001,0.02891
0.010179996490478516,-0.9593729944000001,1.3643768209000002,-0.8061155671,-0.0702320792,1.0581586724,0.6260324177000001,0.02891
0.010192155838012695,-0.9593729944000001,1.3668028296,-0.8081925098,-0.0702320792,1.0581586724,0.6260324177000001,0.02891
0.01009368896484375,-0.9593729944000001,1.3688972256,-0.8083146829000001,-0.0702320792,1.0581586724,0.6260324177000001,0.02891
0.01018977165222168,-0.9593729944000001,1.3714628607,-0.8105836119000001,-0.0702320792,1.0581586724,0.6260324177000001,0.02891
0.010653972625732422,-0.9593729944000001,1.3753549466000001,-0.8126780079000001,-0.0702320792,1.0581586724,0.6260324177000001,0.02891
0.0102691650390625,-0.9593729944000001,1.3777460487,-0.8130270739000001,-0.0702320792,1.0581586724,0.6260324177000001,0.02891
0.010234832763671875,-0.9593729944000001,1.3808876427,-0.8164653740000001,-0.0702320792,1.0611082801,0.6260324177000001,0.02891
0.010105133056640625,-0.9593729944000001,1.3824235331,-0.8179139979000001,-0.0702320792,1.061335173,0.6260324177000001,0.02891
0.010111093521118164,-0.9593729944000001,1.3869613911,-0.8206890726,-0.0702320792,1.0631503162000002,0.6260324177000001,0.02891
0.010109186172485352,-0.9593729944000001,1.3892477734000002,-0.8202701934000001,-0.0702320792,1.0629583299,0.6260324177000001,0.02891
0.010094404220581055,-0.9593729944000001,1.38928268,-0.8234641473000001,-0.0702320792,1.0657508579000001,0.6260324177000001,0.02891
0.010198831558227539,-0.9593729944000001,1.3939252578,-0.8263963017,-0.0702320792,1.0679499737,0.6260324177000001,0.02891
0.010102987289428711,-0.9593729944000001,1.3962465467,-0.8266231946000001,-0.0702320792,1.0682990397,0.6260324177000001,0.02891
0.010199785232543945,-0.9593729944000001,1.4008193113,-0.8283859779000001,-0.0702320792,1.0704632489,0.6260324177000001,0.02891
0.010204076766967773,-0.9593729944000001,1.4013254570000002,-0.8309865196000001,-0.0702320792,1.0710741144000002,0.6260324177000001,0.02891
0.01010274887084961,-0.9593729944000001,1.4060203947,-0.8345469928000001,-0.0702320792,1.0725925515,0.6260324177000001,0.02891
0.010111570358276367,-0.9593729944000001,1.4083591369000001,-0.834791339,-0.0702320792,1.0755421592,0.6260324177000001,0.02891
0.010187149047851562,-0.9593729944000001,1.4129842614,-0.8367984685000001,-0.0702320792,1.0793644319000002,0.6260324177000001,0.02891
0.01009225845336914,-0.9593729944000001,1.4150961107,-0.8400098757000001,-0.0702320792,1.0819824269,0.6260324177000001,0.02891
0.010188579559326172,-0.9593729944000001,1.4174173996000001,-0.8403414884000001,-0.0702320792,1.0824885726,0.6260324177000001,0.02891
0.010090351104736328,-0.9593729944000001,1.4214665652000003,-0.8437972418,-0.0702320792,1.0846876884,0.6260324177000001,0.02891
0.010100364685058594,-0.9593729944000001,1.423491148,-0.8464850500000001,-0.0702320792,1.0853334605000002,0.6260324177000001,0.02891
0.010101079940795898,-0.9593729944000001,1.4274705004000001,-0.849277578,-0.0702320792,1.0867995377000002,0.6260324177000001,0.02891
0.010194063186645508,-0.9593729944000001,1.4296172563000002,-0.8494172044,-0.0702320792,1.0877769225000002,0.6260324177000001,0.02891
0.010092020034790039,-0.9593729944000001,1.4326017706,-0.8534140101000001,-0.0702320792,1.0900109449000002,0.6260324177000001,0.02891
0.010092973709106445,-0.9593729944000001,1.4332824493,-0.8546008345000001,-0.0702320792,1.0914072089000002,0.6260324177000001,0.02891
0.010097265243530273,-0.9593729944000001,1.4363018702,-0.8548277274000001,-0.0702320792,1.0905694505,0.6260324177000001,0.02891
0.010103464126586914,-0.9593729944000001,1.4387802388000002,-0.8569221234000001,-0.0702320792,1.0905694505,0.6260324177000001,0.02891
0.010157346725463867,-0.9593729944000001,1.4410491678000001,-0.8564508843,-0.0702320792,1.0905694505,0.6260324177000001,0.02891
0.010118961334228516,-0.9593729944000001,1.4410142612,-0.8573759092000001,-0.0702320792,1.0905694505,0.6260324177000001,0.02891
0.010107040405273438,-0.9593729944000001,1.4435275364000002,-0.8594179453,-0.0702320792,1.0905694505,0.6260324177000001,0.02891
0.010205507278442383,-0.9593729944000001,1.4461106248,-0.8591212392,-0.0702320792,1.0905694505,0.6260324177000001,0.02891
0.010099172592163086,-0.9593729944000001,1.4467389436,-0.8591212392,-0.0702320792,1.0905694505,0.6260324177000001,0.02891
0.010328292846679688,-0.9593729944000001,1.4484144604000002,-0.8591212392,-0.0702320792,1.0905694505,0.6260324177000001,0.02891
0.010100841522216797,-0.9593729944000001,1.4484144604000002,-0.8591212392,-0.0702320792,1.0886844941000002,0.6260324177000001,0.02891
0.010110139846801758,-0.9593729944000001,1.4495489249,-0.8599066377000001,-0.0702320792,1.0886146809000001,0.6260324177000001,0.02891
0.010375022888183594,-0.9593729944000001,1.4495489249,-0.8599066377000001,-0.07265808790000002,1.0886146809000001,0.6260324177000001,0.02891
0.01026463508605957,-0.9593729944000001,1.4517829473000001,-0.8616868743000001,-0.07442087120000002,1.0886146809000001,0.6260324177000001,0.02891
0.010213613510131836,-0.9593729944000001,1.4517829473000001,-0.8614948880000001,-0.07426379150000001,1.0886146809000001,0.6260324177000001,0.02891
0.020380735397338867,-0.9593729944000001,1.4517829473000001,-0.8614948880000001,-0.07426379150000001,1.0868518976000001,0.6260324177000001,0.02891
0.010118961334228516,-0.9593729944000001,1.4524112661000002,-0.8614948880000001,-0.07426379150000001,1.0873231367,0.6260324177000001,0.02891
0.010201215744018555,-0.9593729944000001,1.4524112661000002,-0.8621755667000001,-0.07426379150000001,1.0873231367,0.6260324177000001,0.02891
0.020305871963500977,-0.9593729944000001,1.4524112661000002,-0.8621755667000001,-0.07665489360000001,1.0873231367,0.6260324177000001,0.02891
0.010114192962646484,-0.9614324838,1.4524112661000002,-0.8621755667000001,-0.07651526720000001,1.0873231367,0.6260324177000001,0.02891
0.010201692581176758,-0.9615546569000002,1.4524112661000002,-0.8621755667000001,-0.07651526720000001,1.0873231367,0.6260324177000001,0.02891
0.020182132720947266,-0.9637712260000001,1.4524112661000002,-0.8621755667000001,-0.07651526720000001,1.0864330184,0.6260324177000001,0.02891
0.010095357894897461,-0.9634221600000001,1.4524112661000002,-0.8621755667000001,-0.07651526720000001,1.0864330184,0.6260324177000001,0.02891
0.010095596313476562,-0.9665463007,1.4524112661000002,-0.8621755667000001,-0.07651526720000001,1.0864330184,0.6260324177000001,0.02891
0.010100126266479492,-0.9663194078,1.4524112661000002,-0.8621755667000001,-0.07651526720000001,1.0864330184,0.6260324177000001,0.02891
0.01008296012878418,-0.9684138038000001,1.4524112661000002,-0.8621755667000001,-0.07651526720000001,1.0864330184,0.6260324177000001,0.02891
0.010078668594360352,-0.9684661637,1.4524112661000002,-0.8621755667000001,-0.07651526720000001,1.0864330184,0.6260324177000001,0.02891
0.02018904685974121,-0.9710841587000001,1.4524112661000002,-0.8621755667000001,-0.07651526720000001,1.0844607955,0.6255088187000001,0.02891
0.010093927383422852,-0.9710841587000001,1.4524112661000002,-0.8621755667000001,-0.07651526720000001,1.0847575016000002,0.6235715024,0.02891
0.010112524032592773,-0.9727073156000001,1.4524112661000002,-0.8621755667000001,-0.07651526720000001,1.0847575016000002,0.6235715024,0.02891
0.01011800765991211,-0.9753951238000002,1.4524112661000002,-0.8621755667000001,-0.07651526720000001,1.0847575016000002,0.6210756805000001,0.02891
0.010108470916748047,-0.9755172969000001,1.4524112661000002,-0.8621755667000001,-0.07651526720000001,1.0847575016000002,0.6212153069000002,0.02891
0.01009821891784668,-0.9782749183000001,1.4524112661000002,-0.8621755667000001,-0.07651526720000001,1.0847575016000002,0.6183006058000001,0.02891
0.010102987289428711,-0.9782749183000001,1.4524112661000002,-0.8621755667000001,-0.07651526720000001,1.0847575016000002,0.6138849209000001,0.02891
0.010338544845581055,-0.9782749183000001,1.4524112661000002,-0.8621755667000001,-0.07651526720000001,1.0814413746000002,0.6137802011000001,0.02891
0.01021575927734375,-0.9782749183000001,1.4524112661000002,-0.8621755667000001,-0.07651526720000001,1.0818602538,0.6098357553000001,0.02891
0.010120391845703125,-0.9782749183000001,1.4524112661000002,-0.8621755667000001,-0.07651526720000001,1.0818602538,0.6061007491,0.02891
0.010307788848876953,-0.9782749183000001,1.4524112661000002,-0.8621755667000001,-0.07651526720000001,1.0818602538,0.6041808861,0.02891
0.010127782821655273,-0.9804740341000001,1.4524112661000002,-0.8621755667000001,-0.07651526720000001,1.0818602538,0.5998524677,0.02891
0.010120630264282227,-0.9800027950000001,1.4524112661000002,-0.8637463637,-0.07651526720000001,1.0810224954,0.599695388,0.02891
0.010201692581176758,-0.9800027950000001,1.4524112661000002,-0.8637463637,-0.07897618250000002,1.0786488466000002,0.599695388,0.02891
0.010196685791015625,-0.9800027950000001,1.4524112661000002,-0.8637463637,-0.07897618250000002,1.0790677258,0.599695388,0.02891
0.010187387466430664,-0.9800027950000001,1.4524112661000002,-0.8637463637,-0.08114039170000001,1.0769035166,0.599695388,0.02891
0.010112524032592773,-0.9800027950000001,1.4524112661000002,-0.8637463637,-0.08124511150000001,1.0761181181000001,0.599695388,0.02891
0.010205268859863281,-0.9800027950000001,1.4524112661000002,-0.8637463637,-0.08124511150000001,1.0763624643,0.599695388,0.02891
0.020317792892456055,-0.9809976331000001,1.4524112661000002,-0.8637463637,-0.08319988110000001,1.0741633485000002,0.599695388,0.02891
0.010193347930908203,-0.9836679880000001,1.4524112661000002,-0.8637463637,-0.0834442273,1.0740935353,0.599695388,0.02891
0.01009511947631836,-0.9832316555000001,1.4524112661000002,-0.8637463637,-0.0834442273,1.0740935353,0.599695388,0.02891
0.010190963745117188,-0.9861114500000001,1.4524112661000002,-0.8637463637,-0.0834442273,1.0740935353,0.599695388,0.02891
0.010105371475219727,-0.9858496505000001,1.4524112661000002,-0.8637463637,-0.0834442273,1.0723132987000001,0.599695388,0.02891
0.010113954544067383,-0.9879265932000001,1.4524112661000002,-0.8637463637,-0.0834442273,1.0724180185,0.599695388,0.02891
0.03039860725402832,-0.9901955222000001,1.4524112661000002,-0.8637463637,-0.0834442273,1.0724180185,0.599695388,0.02891
0.01033639907836914,-0.9903176953,1.4524112661000002,-0.8637463637,-0.0834442273,1.0724180185,0.599695388,0.02891
0.010101556777954102,-0.9903176953,1.4524112661000002,-0.8637463637,-0.0834442273,1.0700269164,0.5977929783,0.02891
0.010257959365844727,-0.9903176953,1.4524112661000002,-0.8637463637,-0.0834442273,1.0700269164,0.5978278849,0.02891
0.010106801986694336,-0.9903176953,1.4524112661000002,-0.8637463637,-0.0834442273,1.068491026,0.5978278849,0.02891
0.010230779647827148,-0.9922724649000001,1.4524112661000002,-0.8637463637,-0.0834442273,1.0660824706,0.5978278849,0.02891
0.01042318344116211,-0.9917837725000002,1.4524112661000002,-0.8637463637,-0.0834442273,1.0660824706,0.5957160356,0.02891
0.010202884674072266,-0.9941923279000001,1.4524112661000002,-0.8637463637,-0.0849277578,1.0660824706,0.5959254752,0.02891
0.010101795196533203,-0.9944017675000001,1.4524112661000002,-0.8637463637,-0.0849277578,1.0641975142,0.5959254752,0.02891
0.010103702545166016,-0.9962692706000001,1.4524112661000002,-0.8637463637,-0.0849277578,1.0643545939,0.5959254752,0.02891
0.010105371475219727,-0.9987650925000001,1.4524112661000002,-0.8637463637,-0.0849277578,1.0619111319,0.5934122000000001,0.02891
0.010118246078491211,-0.998852359,1.4524112661000002,-0.8637463637,-0.0849277578,1.0615446126,0.5938310792000001,0.02891
0.010103225708007812,-0.998852359,1.4524112661000002,-0.8637463637,-0.0849277578,1.0615446126,0.5917890431,0.02891
0.010115385055541992,-0.998852359,1.4524112661000002,-0.8637463637,-0.0849277578,1.0615446126,0.5921206558000001,0.02891
0.010110616683959961,-1.0011736479000002,1.4524112661000002,-0.8637463637,-0.0849277578,1.0615446126,0.5884554628,0.02891
0.010204553604125977,-1.0011736479000002,1.4524112661000002,-0.8637463637,-0.0849277578,1.0615446126,0.5865705064,0.02891
0.010279178619384766,-1.0011736479000002,1.4524112661000002,-0.8637463637,-0.0849277578,1.0594327633,0.5863610668,0.02891
0.010087251663208008,-1.0011736479000002,1.4524112661000002,-0.8637463637,-0.0849277578,1.0600610821,0.5817708489,0.02891
0.010093212127685547,-1.0011736479000002,1.4524112661000002,-0.8637463637,-0.0849277578,1.0573558206,0.5793448402000001,0.02891
0.010092020034790039,-1.0011736479000002,1.4524112661000002,-0.8637463637,-0.08758065940000001,1.0573034607,0.5737423309,0.02891
0.010090827941894531,-1.0011736479000002,1.4524112661000002,-0.8637463637,-0.0873537665,1.0573034607,0.5713861354,0.02891
0.01009678840637207,-1.0011736479000002,1.4524112661000002,-0.8637463637,-0.0912982123,1.0573034607,0.5710545227000001,0.02891
0.010094165802001953,-1.0011736479000002,1.4524112661000002,-0.8637463637,-0.0921359707,1.0552788779000002,0.5683492612000001,0.02891
0.01009821891784668,-1.0011736479000002,1.4524112661000002,-0.8637463637,-0.09206615750000001,1.0535335479,0.5683492612000001,0.02891
0.010186910629272461,-1.0011736479000002,1.4524112661000002,-0.8637463637,-0.09206615750000001,1.053306655,0.5683492612000001,0.02891
0.10133910179138184,-1.0030935109,1.4524112661000002,-0.8637463637,-0.09206615750000001,1.053306655,0.5683492612000001,0.02891
0.010191679000854492,-1.0026571784,1.4524112661000002,-0.8637463637,-0.09206615750000001,1.053306655,0.5683492612000001,0.02891
0.020397186279296875,-1.0055718795000002,1.4524112661000002,-0.8637463637,-0.09206615750000001,1.053306655,0.5683492612000001,0.02891
0.010101795196533203,-1.0080677014000001,1.4524112661000002,-0.8637463637,-0.09206615750000001,1.053306655,0.5683492612000001,0.02891
0.040845394134521484,-1.0105286167,1.4524112661000002,-0.8637463637,-0.09206615750000001,1.053306655,0.5677034891,0.02891
0.020190954208374023,-1.0132687848,1.4524112661000002,-0.8637463637,-0.09206615750000001,1.053306655,0.5677034891,0.02891
0.01007390022277832,-1.0128499056,1.4524112661000002,-0.8637463637,-0.09206615750000001,1.053306655,0.5677034891,0.02891
0.010099649429321289,-1.0151537412,1.4524112661000002,-0.8637463637,-0.09206615750000001,1.053306655,0.5658010794,0.02891
0.01019430160522461,-1.0175972032,1.4524112661000002,-0.8637463637,-0.09206615750000001,1.053306655,0.5659232525,0.02891
0.01011967658996582,-1.017178324,1.4524112661000002,-0.8637463637,-0.090233561,1.053306655,0.5636019636,0.02891
0.010105609893798828,-1.0180160824000002,1.4524112661000002,-0.8637463637,-0.090233561,1.053306655,0.5636019636,0.02891
0.010092735290527344,-1.0198486789,1.4524112661000002,-0.8637463637,-0.08796463200000001,1.053306655,0.561123595,0.02891
0.010094642639160156,-1.0196043327,1.4524112661000002,-0.8637463637,-0.08796463200000001,1.053306655,0.5615948341,0.02891
0.010182619094848633,-1.0196043327,1.4524112661000002,-0.8637463637,-0.08796463200000001,1.053306655,0.5588546660000001,0.02891
0.010162591934204102,-1.0196043327,1.4524112661000002,-0.8637463637,-0.08796463200000001,1.053306655,0.5580518142,0.02891
0.01012110710144043,-1.0196043327,1.4524112661000002,-0.8637463637,-0.08796463200000001,1.053306655,0.5586975863000001,0.02891
0.010208368301391602,-1.0196043327,1.4524112661000002,-0.8637463637,-0.08796463200000001,1.053306655,0.5546135141,0.02891
0.01008749008178711,-1.0196043327,1.4524112661000002,-0.8637463637,-0.08796463200000001,1.053306655,0.5528332775000001,0.02891
0.01007843017578125,-1.0196043327,1.4524112661000002,-0.8637463637,-0.08796463200000001,1.053306655,0.5510704942000001,0.02891
0.010098934173583984,-1.0196043327,1.4524112661000002,-0.8637463637,-0.08796463200000001,1.053306655,0.5480161667000001,0.02891
0.010180950164794922,-1.0196043327,1.4540867829000002,-0.8637463637,-0.08796463200000001,1.053306655,0.5479114469,0.02891
0.25417375564575195,-1.0218732617000001,1.4540867829000002,-0.8637463637,-0.08796463200000001,1.053306655,0.5479114469,0.02891
0.010082244873046875,-1.0219779815,1.4540867829000002,-0.8637463637,-0.08796463200000001,1.053306655,0.5479114469,0.02891
0.020196199417114258,-1.0239152978000001,1.4540867829000002,-0.8637463637,-0.08796463200000001,1.053306655,0.5479114469,0.02891
0.010098695755004883,-1.0234091521000002,1.4560240992000002,-0.8637463637,-0.08796463200000001,1.053306655,0.5479114469,0.02891
0.010093450546264648,-1.0258875207000002,1.4561113657000002,-0.8637463637,-0.08796463200000001,1.053306655,0.5479114469,0.02891
0.010101318359375,-1.0282611695000001,1.4561113657000002,-0.8637463637,-0.08796463200000001,1.053306655,0.5479114469,0.02891
0.010093450546264648,-1.0284531558,1.4587293607,-0.8637463637,-0.08796463200000001,1.053306655,0.5458345042,0.02891
0.010172367095947266,-1.0304951919,1.4580486820000003,-0.8637463637,-0.08489285120000001,1.053306655,0.5459392240000001,0.02891
0.010190963745117188,-1.0302333924,1.4603874242000003,-0.8637463637,-0.08496266440000001,1.053306655,0.5459392240000001,0.02891
0.010108232498168945,-1.0324674148000001,1.4605095973000002,-0.8637463637,-0.08496266440000001,1.053306655,0.5459392240000001,0.02891
0.010097026824951172,-1.032711761,1.4605095973000002,-0.8637463637,-0.08496266440000001,1.053306655,0.5459392240000001,0.02891
0.010095834732055664,-1.0354344758,1.4605095973000002,-0.8637463637,-0.08496266440000001,1.0500952478,0.5459392240000001,0.02891
0.010182619094848633,-1.0355391956000002,1.4605095973000002,-0.8637463637,-0.08496266440000001,1.0480008518000001,0.5428150833000001,0.02891
0.010189056396484375,-1.0375463251,1.4622898339000001,-0.8637463637,-0.0829555349,1.0482626513000002,0.5404065279000001,0.02891
0.010099411010742188,-1.0374590586,1.4622898339000001,-0.8637463637,-0.08281590850000001,1.0482626513000002,0.5401621817000001,0.02891
0.010112285614013672,-1.0374590586,1.4622898339000001,-0.8637463637,-0.08281590850000001,1.0482626513000002,0.5380328791000001,0.02891
0.010106563568115234,-1.0374590586,1.4622898339000001,-0.8637463637,-0.08281590850000001,1.0458540959000002,0.5385041182,0.02891
0.01009368896484375,-1.0374590586,1.4622898339000001,-0.8637463637,-0.08281590850000001,1.0459588157000002,0.5354148841,0.02891
0.010082721710205078,-1.0374590586,1.4622898339000001,-0.8637463637,-0.08281590850000001,1.0459588157000002,0.5360781095,0.02891
0.37346673011779785,-1.0374590586,1.4622898339000001,-0.8637463637,-0.08281590850000001,1.0438818730000001,0.5360781095,0.02891
0.1713109016418457,-1.0374590586,1.4643493233,-0.8637463637,-0.08281590850000001,1.0438818730000001,0.5360781095,0.02891
0.010100841522216797,-1.0374590586,1.4644191365,-0.8637463637,-0.08281590850000001,1.0438818730000001,0.5360781095,0.02891
0.010094642639160156,-1.0374590586,1.4644191365,-0.8637463637,-0.08281590850000001,1.0412115181000001,0.5360781095,0.02891
0.020255088806152344,-1.0374590586,1.4644191365,-0.8637463637,-0.08281590850000001,1.0392742018,0.5360781095,0.02891
0.020414113998413086,-1.0374590586,1.4668451452,-0.8637463637,-0.08281590850000001,1.0392742018,0.5360781095,0.02891
0.02048325538635254,-1.0374590586,1.4705626981000002,-0.8637463637,-0.08281590850000001,1.0392742018,0.5360781095,0.02891
0.010202646255493164,-1.0374590586,1.4697598463000001,-0.8637463637,-0.08281590850000001,1.0392742018,0.5360781095,0.02891
0.01020503044128418,-1.0374590586,1.4717669758,-0.8637463637,-0.08281590850000001,1.037424152,0.5360781095,0.02891
0.010209083557128906,-1.0374590586,1.4738090119,-0.8637463637,-0.08281590850000001,1.0375812317000002,0.5360781095,0.02891
0.010192394256591797,-1.0374590586,1.4740359048000002,-0.8637463637,-0.08281590850000001,1.0351203164,0.5360781095,0.02891
0.010203123092651367,-1.0374590586,1.4756241551,-0.8637463637,-0.08281590850000001,1.0322405219000002,0.5360781095,0.02891
0.010203838348388672,-1.0374590586,1.4783294166,-0.8637463637,-0.08281590850000001,1.0321532554000001,0.5360781095,0.02891
0.010119915008544922,-1.0374590586,1.4807030654,-0.8637463637,-0.08281590850000001,1.0321532554000001,0.5360781095,0.02891
0.010123252868652344,-1.0374590586,1.4802318263000003,-0.8637463637,-0.08281590850000001,1.0302333924,0.5360781095,0.02891
0.010106086730957031,-1.0374590586,1.4837050330000001,-0.8637463637,-0.08281590850000001,1.0305475518,0.5360781095,0.02891
0.010172605514526367,-1.0374590586,1.4848220442000002,-0.8637463637,-0.0800233805,1.0276677573000002,0.5341233399,0.02891
0.010122299194335938,-1.0374590586,1.4847347777000002,-0.8637463637,-0.0804248064,1.0274583177,0.5343851394,0.02891
0.010189533233642578,-1.0374590586,1.4871607864,-0.8637463637,-0.077841718,1.0274583177,0.5303185205000001,0.02891
0.01028299331665039,-1.0374590586,1.4891504626000003,-0.8637463637,-0.077841718,1.0255210014000002,0.5275085392000001,0.02891
0.010117053985595703,-1.0374590586,1.4912099520000002,-0.8637463637,-0.07572986870000001,1.0259573339,0.5244367584,0.02891
0.010106325149536133,-1.0374590586,1.4912623119000001,-0.8644444957000001,-0.0758869484,1.0259573339,0.5197069141,0.02891
0.010115623474121094,-1.0374590586,1.4930425485,-0.8660676526000001,-0.0758869484,1.0259573339,0.5196545542000001,0.02891
0.010106325149536133,-1.0374590586,1.4932868947,-0.8660676526000001,-0.0758869484,1.0259573339,0.5175077983,0.02891
0.010106801986694336,-1.0374590586,1.4951893044000002,-0.8660676526000001,-0.0758869484,1.0259573339,0.517664878,0.02891
0.010111570358276367,-1.0374590586,1.4954860105,-0.8687554608000001,-0.0758869484,1.0259573339,0.517664878,0.02891
0.010132312774658203,-1.0374590586,1.4973884202,-0.8681969552000001,-0.0758869484,1.0259573339,0.517664878,0.02891
0.010149240493774414,-1.0374590586,1.4970393542000002,-0.8716701619,-0.0758869484,1.0259573339,0.517664878,0.02891
0.010359048843383789,-1.0374590586,1.4995700827,-0.8708673101000001,-0.0758869484,1.0259573339,0.517664878,0.02891
0.010134220123291016,-1.0374590586,1.4997097091000002,-0.8732235056000001,-0.0758869484,1.0300763127,0.517664878,0.02891
0.010289669036865234,-1.0374590586,1.5015423056000001,-0.8756669676000001,-0.0758869484,1.0316122031000001,0.517664878,0.02891
0.010185718536376953,-1.0374590586,1.5015423056000001,-0.8758938605000001,-0.0758869484,1.0319263625000001,0.517664878,0.02891
0.010117292404174805,-1.0374590586,1.5015423056000001,-0.8775868306,-0.0758869484,1.0338811321,0.517664878,0.02891
0.010201454162597656,-1.0374590586,1.5015423056000001,-0.8775868306,-0.0758869484,1.0337415057000001,0.517664878,0.02891
0.010102033615112305,-1.0374590586,1.5015423056000001,-0.8800302926,-0.0758869484,1.0342127448,0.517664878,0.02891
0.010099411010742188,-1.0374590586,1.5015423056000001,-0.8796986799000001,-0.0758869484,1.036027888,0.517664878,0.02891
0.010085582733154297,-1.0374590586,1.5015423056000001,-0.8796986799000001,-0.0758869484,1.0359406215,0.517664878,0.02891
0.0100860595703125,-1.0374590586,1.5015423056000001,-0.8796986799000001,-0.07780681140000001,1.0359406215,0.517664878,0.02891
0.01009821891784668,-1.0374590586,1.5015423056000001,-0.8815138231,-0.0779638911,1.0359406215,0.517664878,0.02891
0.01009988784790039,-1.0374590586,1.5015423056000001,-0.8812171170000002,-0.0779638911,1.0385062566,0.517664878,0.02891
0.010206222534179688,-1.0374590586,1.5015423056000001,-0.8818454358000001,-0.0795172348,1.0388378693,0.517664878,0.02891
0.010118961334228516,-1.0374590586,1.5015423056000001,-0.8838874719,-0.0795172348,1.0406355592,0.517664878,0.02891
0.01020193099975586,-1.0374590586,1.5015423056000001,-0.8838874719,-0.08180361710000002,1.0403388531000002,0.517664878,0.02891
0.010128021240234375,-1.0393091084000001,1.5015423056000001,-0.8838874719,-0.0819257902,1.0403388531000002,0.517664878,0.02891
0.010120630264282227,-1.0394312815,1.5015423056000001,-0.8838874719,-0.0834965872,1.0403388531000002,0.517664878,0.02891
0.04056668281555176,-1.0417351171,1.5015423056000001,-0.8838874719,-0.0834965872,1.0403388531000002,0.517664878,0.02891
0.020491361618041992,-1.0435677136000001,1.5015423056000001,-0.8838874719,-0.0834965872,1.0403388531000002,0.517664878,0.02891
0.01031947135925293,-1.0464998680000002,1.5015423056000001,-0.8838874719,-0.0834965872,1.0403388531000002,0.517664878,0.02891
0.01013493537902832,-1.0463078817,1.5015423056000001,-0.8838874719,-0.0834965872,1.0403388531000002,0.517664878,0.02891
0.01024627685546875,-1.0486291706000002,1.5015423056000001,-0.8838874719,-0.0834965872,1.0403388531000002,0.517664878,0.02891
0.010121345520019531,-1.0485419041000001,1.5015423056000001,-0.8838874719,-0.0817338039,1.0403388531000002,0.517664878,0.02891
0.010119915008544922,-1.0485419041000001,1.5015423056000001,-0.8838874719,-0.08164653740000001,1.0403388531000002,0.517664878,0.02891
0.050668954849243164,-1.0485419041000001,1.5015423056000001,-0.8843761643000001,-0.08164653740000001,1.0403388531000002,0.517664878,0.02891
0.010114192962646484,-1.0485419041000001,1.5015423056000001,-0.8863658405,-0.08443906540000001,1.0403388531000002,0.517664878,0.02891
0.010100841522216797,-1.0485419041000001,1.5015423056000001,-0.8862087608000001,-0.0839154664,1.0403388531000002,0.517664878,0.02891
0.15281939506530762,-1.0485419041000001,1.5015423056000001,-0.8862087608000001,-0.0839154664,1.0384538967,0.517664878,0.02891
0.07121562957763672,-1.0485419041000001,1.5015423056000001,-0.8862087608000001,-0.0839154664,1.0363420474,0.517664878,0.02891
0.010202169418334961,-1.0485419041000001,1.5015423056000001,-0.8862087608000001,-0.0839154664,1.0365340337000002,0.517664878,0.02891
0.29433369636535645,-1.0503919539000002,1.5015423056000001,-0.8862087608000001,-0.0839154664,1.0365340337000002,0.517664878,0.02891
0.010103702545166016,-1.0504443138000001,1.5015423056000001,-0.8862087608000001,-0.0839154664,1.0365340337000002,0.517664878,0.02891
0.020351648330688477,-1.0525212565000002,1.5015423056000001,-0.8862087608000001,-0.0839154664,1.0365340337000002,0.517664878,0.02891
0.010121583938598633,-1.052783056,1.5015423056000001,-0.8862087608000001,-0.0801630069,1.0365340337000002,0.517664878,0.02891
0.010200023651123047,-1.0555057708,1.5015423056000001,-0.8862087608000001,-0.0808611389,1.0365340337000002,0.517664878,0.02891
0.01011347770690918,-1.0575303536,1.5015423056000001,-0.8880588106,-0.0777195449,1.0365340337000002,0.5173507186,0.02891
0.010106563568115234,-1.0573383673,1.5015423056000001,-0.8866974532000002,-0.07504919,1.0365340337000002,0.5143662043,0.02891
0.010207891464233398,-1.0596422029,1.5015423056000001,-0.888896569,-0.07560769560000001,1.0365340337000002,0.5149247099,0.02891
0.010114431381225586,-1.0595374831000002,1.5015423056000001,-0.8884951431,-0.0738798189,1.0365340337000002,0.5133190063,0.02891
0.010109901428222656,-1.0595374831000002,1.5015423056000001,-0.8884951431,-0.0738798189,1.0365340337000002,0.5127430474000001,0.02891
0.01024174690246582,-1.0595374831000002,1.5015423056000001,-0.8908687919,-0.0738798189,1.0365340337000002,0.5127430474000001,0.02891
0.010216712951660156,-1.0595374831000002,1.5015423056000001,-0.8910607782000001,-0.0738798189,1.0365340337000002,0.5109104509000001,0.02891
0.01012420654296875,-1.0595374831000002,1.5015423056000001,-0.8927013884000001,-0.0756426022,1.0384538967,0.508414629,0.02891
0.01019740104675293,-1.0595374831000002,1.5015423056000001,-0.8948132377000001,-0.0757822286,1.0401992267,0.5083448158,0.02891
0.010113716125488281,-1.0595374831000002,1.5015423056000001,-0.8948830509000001,-0.0757822286,1.0402515866,0.5057617274,0.02891
0.01004791259765625,-1.0595374831000002,1.5015423056000001,-0.8971694332000001,-0.0757822286,1.0402515866,0.5027772131,0.02891
0.010104894638061523,-1.0595374831000002,1.5015423056000001,-0.8970123535000001,-0.0757822286,1.0402515866,0.5006479105,0.02891
0.01022648811340332,-1.0595374831000002,1.5015423056000001,-0.8970123535000001,-0.0775624652,1.0402515866,0.49834407490000004,0.02891
0.010101556777954102,-1.0595374831000002,1.5015423056000001,-0.8970123535000001,-0.0775101053,1.0402515866,0.49631949210000004,0.02891
0.010298490524291992,-1.0595374831000002,1.5015423056000001,-0.8970123535000001,-0.0775101053,1.0402515866,0.4935269641000001,0.02891
0.010116338729858398,-1.0595374831000002,1.5015423056000001,-0.8970123535000001,-0.0805469795,1.0402515866,0.4934396976,0.02891
0.010111808776855469,-1.0595374831000002,1.5015423056000001,-0.8970123535000001,-0.0799710206,1.0402515866,0.4934396976,0.02891
0.15271759033203125,-1.0595374831000002,1.5015423056000001,-0.8970123535000001,-0.0781733307,1.0402515866,0.4934396976,0.02891
0.010170221328735352,-1.0595374831000002,1.5015423056000001,-0.8970123535000001,-0.0780686109,1.0402515866,0.4934396976,0.02891
0.19326257705688477,-1.0595374831000002,1.5015423056000001,-0.8970123535000001,-0.07655017380000001,1.0402515866,0.4934396976,0.02891
